well_id,block,production_days,pump_depth_m,daily_liquid_m3,daily_oil_t,daily_water_m3,water_cut_pct,casing_pressure_mpa,tubing_pressure_mpa,dynamic_fluid_level_m,static_fluid_level_m,pump_efficiency_pct,power_kwh,measure_count_30d,maintenance_count_90d,injection_support_index,supply_capacity_index,production_demand_index,energy_intensity_kwh_per_t,liquid_supply_status,measure_potential_score
W0001,A-East,26,1717.7,57.51,5.41,52.1,88.93,1.87,2.47,1231.7,1158.9,63.62,252.99,4,0,0.761,119.91,116.38,46.77,balanced,21.49
W0002,A-East,25,1290.0,36.55,10.31,26.24,67.01,1.74,2.44,767.4,683.3,87.32,144.6,3,4,0.733,100.63,110.57,14.02,balanced,18.34
W0003,B-South,27,1662.9,31.42,17.27,14.16,43.65,1.36,2.97,1299.9,1148.2,92.0,178.03,2,2,1.144,125.5,132.67,10.31,balanced,17.63
W0004,B-South,24,1135.8,13.42,3.42,10.0,67.64,1.26,1.9,845.2,861.1,38.85,92.3,3,2,1.212,91.32,57.5,27.0,excess_supply,56.33
W0005,B-North,18,1313.3,53.33,25.96,27.37,48.62,1.83,3.65,947.2,894.0,82.09,288.41,4,0,1.142,127.88,170.0,11.11,short_supply,29.16
W0006,A-East,28,1703.6,21.43,2.34,19.09,88.05,2.03,2.8,1174.4,1129.8,65.85,127.33,3,1,0.95,109.84,65.15,54.38,excess_supply,55.24
W0007,A-West,23,1401.1,52.86,17.77,35.09,60.4,0.75,1.51,1103.6,1001.9,64.81,270.32,1,2,0.824,84.91,145.92,15.21,short_supply,33.43
W0008,B-South,30,1642.0,22.89,8.8,14.09,56.38,1.88,1.96,1451.0,1412.4,67.07,170.4,6,0,1.108,107.77,88.02,19.36,excess_supply,19.57
W0009,B-North,19,1684.7,19.95,2.7,17.26,82.8,1.36,2.82,1165.8,1047.8,55.47,123.16,2,3,1.105,117.58,64.13,45.65,excess_supply,61.41
W0010,B-South,24,652.8,35.54,8.86,26.68,69.03,1.34,2.04,302.4,138.7,78.16,173.22,5,1,1.054,115.17,97.82,19.55,balanced,29.87
W0011,A-East,22,1686.9,34.19,9.64,24.55,67.72,1.86,3.66,1444.6,1324.6,56.93,202.19,7,3,0.791,89.03,107.52,20.97,balanced,26.91
W0012,A-East,24,1396.1,43.96,10.25,33.71,74.45,1.96,1.98,898.7,688.3,35.3,241.98,7,4,0.943,94.76,112.67,23.6,balanced,33.9
W0013,C-Center,18,1887.3,34.14,10.82,23.32,61.64,2.11,2.75,1468.6,1302.4,39.03,156.18,5,1,1.044,117.02,103.55,14.44,balanced,32.73
W0014,B-South,22,1423.5,61.91,2.15,59.75,95.52,1.94,3.17,905.6,789.8,46.13,342.29,4,2,1.031,113.59,107.85,158.99,balanced,57.54
W0015,B-North,29,1827.6,20.49,6.69,13.79,65.02,2.22,2.84,1290.6,1209.0,79.42,123.18,2,0,1.102,134.32,87.61,18.41,excess_supply,36.6
W0016,B-North,24,1072.4,36.25,5.83,30.42,82.36,1.38,1.01,772.8,685.6,37.9,177.36,7,2,1.327,100.26,100.77,30.42,balanced,30.77
W0017,A-West,25,1437.8,30.78,7.23,23.55,73.07,2.11,4.13,1118.8,1041.2,31.65,177.01,5,4,0.935,75.03,94.77,24.47,short_supply,43.44
W0018,A-West,22,1154.5,55.48,19.7,35.77,49.35,1.43,3.21,987.8,867.3,60.26,243.19,7,4,1.064,96.26,158.84,12.34,short_supply,25.43
W0019,B-North,28,1264.2,101.5,18.04,83.45,71.16,2.5,3.47,1206.4,1152.5,50.65,373.25,6,1,0.759,75.68,170.0,20.69,short_supply,44.16
W0020,A-East,21,1603.4,22.87,4.01,18.86,76.77,2.21,2.47,1018.2,854.0,40.79,127.03,1,4,0.817,100.91,65.75,31.66,excess_supply,57.71
W0021,A-West,29,1485.3,29.52,12.05,17.47,46.98,1.84,2.02,1235.5,1108.9,54.48,152.1,4,1,0.961,91.99,106.52,12.62,balanced,14.55
W0022,B-South,23,1425.9,48.61,4.1,44.51,88.06,1.53,2.75,1286.4,1264.8,41.03,225.56,1,3,0.875,92.99,101.74,55.06,balanced,39.94
W0023,A-East,18,1469.7,28.6,0.92,27.68,96.21,1.43,1.71,1113.6,1142.8,72.92,191.03,1,3,0.793,93.57,62.18,208.58,excess_supply,76.86
W0024,B-South,27,1277.3,26.0,4.1,21.9,81.59,2.09,3.96,1027.3,889.0,55.53,76.8,2,2,1.413,122.03,74.06,18.74,excess_supply,46.89
W0025,A-West,18,1489.2,91.04,10.71,80.32,88.46,2.02,0.4,1249.8,1116.7,62.89,299.46,5,4,0.922,95.03,170.0,27.95,short_supply,42.77
W0026,A-West,29,1583.2,58.22,9.7,48.52,81.06,2.08,2.64,1249.8,1128.3,61.33,218.93,1,3,1.18,116.39,132.14,22.57,balanced,22.1
W0027,A-West,28,1366.0,60.15,20.56,39.59,55.24,1.66,2.26,936.0,832.7,46.75,332.71,3,1,0.688,102.96,167.49,16.18,short_supply,39.4
W0028,A-East,30,2012.4,17.81,10.77,7.05,21.11,1.87,2.15,1451.3,1320.1,52.28,170.91,2,2,0.816,96.52,79.23,15.88,excess_supply,24.87
W0029,A-West,24,1638.8,51.11,14.41,36.7,60.25,2.2,2.04,1163.4,1034.4,52.44,311.82,4,4,1.088,111.85,138.48,21.64,short_supply,30.71
W0030,A-West,25,1905.1,25.01,3.63,21.38,83.47,2.04,2.49,1504.3,1350.1,55.92,125.23,1,2,1.314,133.09,66.03,34.5,excess_supply,62.18
W0031,B-South,28,1349.9,28.69,2.71,25.98,88.26,2.51,3.47,733.2,619.6,68.09,150.72,1,1,0.789,120.03,75.08,55.61,excess_supply,46.83
W0032,A-East,30,1357.5,90.4,32.48,57.91,59.82,1.22,4.28,982.8,875.8,39.7,423.88,7,2,0.989,92.16,170.0,13.05,short_supply,50.71
W0033,A-East,19,957.5,50.93,4.99,45.94,87.65,2.34,3.25,441.6,388.0,74.73,180.39,3,3,0.912,113.82,112.36,36.16,balanced,18.62
W0034,A-East,21,1235.7,17.75,7.82,9.93,45.28,1.28,1.85,821.6,682.4,50.0,94.49,4,3,1.273,120.18,75.0,12.09,excess_supply,41.95
W0035,A-East,21,1158.5,11.92,2.15,9.77,81.29,1.38,2.36,429.0,332.0,37.27,67.86,6,4,0.69,96.88,44.44,31.5,excess_supply,83.06
W0036,C-Center,20,1190.6,27.61,5.37,22.25,78.58,1.95,2.34,908.6,777.3,56.23,147.66,4,0,1.183,103.72,75.79,27.52,excess_supply,32.86
W0037,A-East,23,1681.1,32.25,4.65,27.6,81.72,2.22,1.9,1246.2,1148.7,51.69,197.19,1,0,0.959,90.68,102.47,42.41,balanced,30.27
W0038,B-South,20,1648.3,71.33,8.14,63.19,86.96,1.71,2.89,1356.7,1254.9,59.08,265.68,3,0,0.905,89.99,147.58,32.63,short_supply,38.7
W0039,B-North,29,1061.6,67.98,5.3,62.68,91.0,1.27,3.53,673.1,635.8,40.53,429.39,4,0,0.871,74.0,142.95,81.02,short_supply,62.14
W0040,A-East,24,1638.7,18.75,4.01,14.74,74.11,2.14,1.58,1167.6,1030.0,53.97,143.94,6,0,0.904,95.12,66.35,35.91,excess_supply,44.53
W0041,A-West,20,894.9,29.24,2.95,26.29,87.86,2.15,3.9,644.6,580.7,73.17,188.79,2,4,1.054,114.21,62.85,64.0,excess_supply,59.95
W0042,B-North,24,1792.4,51.79,16.13,35.66,61.61,0.94,2.15,1508.6,1411.9,76.01,297.37,7,1,1.502,140.7,147.4,18.44,balanced,18.0
W0043,B-South,18,1363.7,16.9,1.44,15.46,90.68,1.53,3.55,1052.4,863.4,71.13,122.77,4,4,0.851,97.39,64.64,85.07,excess_supply,58.7
W0044,B-North,20,650.0,50.72,15.01,35.71,63.75,1.82,3.01,200.0,120.0,46.02,237.88,6,4,1.132,114.63,143.0,15.85,short_supply,28.6
W0045,B-South,22,1311.4,18.41,8.84,9.57,42.52,0.85,2.81,641.5,528.1,70.04,108.64,6,2,1.196,145.64,80.92,12.29,excess_supply,46.25
W0046,B-South,20,1154.8,86.61,51.13,35.48,32.79,2.05,2.7,689.6,650.2,56.05,503.2,7,4,0.458,84.7,170.0,9.84,short_supply,31.98
W0047,C-Center,30,1001.9,42.22,15.18,27.04,64.43,1.95,2.29,704.6,627.0,40.84,164.01,4,3,0.935,95.38,130.01,10.8,short_supply,37.7
W0048,B-South,21,1064.5,83.62,10.37,73.25,85.14,2.13,2.49,555.3,463.9,61.33,294.98,1,1,0.89,103.76,170.0,28.46,short_supply,32.6
W0049,B-North,26,1930.7,41.53,13.57,27.96,54.69,2.86,3.59,1550.5,1480.6,74.13,200.09,1,0,0.892,108.92,121.52,14.75,balanced,19.2
W0050,B-North,29,1538.8,25.56,0.97,24.59,95.86,1.88,1.25,1268.6,1115.2,77.86,114.19,3,0,0.95,94.76,75.24,117.17,excess_supply,55.03
W0051,A-West,24,1886.0,38.55,2.87,35.69,89.85,1.9,2.55,1612.6,1496.4,76.9,231.1,3,1,0.735,101.69,87.16,80.61,balanced,40.97
W0052,B-South,24,1286.0,15.88,3.08,12.81,79.35,1.28,2.12,719.3,613.2,52.9,89.64,7,2,1.0,112.91,54.53,29.13,excess_supply,61.75
W0053,A-East,30,1596.3,23.96,2.38,21.58,87.2,1.3,1.59,1156.3,1066.8,59.69,124.61,7,4,0.978,113.69,75.23,52.34,excess_supply,42.38
W0054,A-West,28,1445.0,42.66,3.8,38.86,89.39,1.06,3.03,891.4,733.9,54.02,332.12,3,2,0.979,111.35,101.66,87.41,balanced,32.3
W0055,A-East,22,1752.4,92.04,44.48,47.56,46.22,2.33,2.29,1268.6,1171.3,70.62,456.49,5,1,0.72,100.32,170.0,10.26,short_supply,28.04
W0056,C-Center,27,1702.1,41.23,15.12,26.11,56.68,1.41,2.4,1092.1,935.2,33.55,284.52,3,0,1.344,119.0,121.96,18.81,balanced,28.74
W0057,A-East,25,1430.2,45.76,13.47,32.29,63.32,1.33,1.9,1186.9,1017.9,68.95,262.52,3,0,1.25,127.98,124.59,19.48,balanced,17.54
W0058,B-North,23,896.6,24.86,12.28,12.57,45.84,1.41,2.97,493.6,423.0,76.22,90.6,1,2,1.411,146.22,104.55,7.38,excess_supply,34.99
W0059,A-West,21,2021.0,72.73,14.17,58.56,77.9,1.66,3.92,1659.9,1538.7,50.86,296.34,2,3,0.558,73.58,170.0,20.91,short_supply,50.74
W0060,C-Center,21,1411.0,30.15,1.1,29.05,96.21,1.58,3.15,879.4,693.5,54.07,209.59,6,2,0.68,87.4,67.75,190.19,excess_supply,60.17
W0061,B-South,22,1617.9,91.87,33.58,58.29,55.2,2.75,2.8,1221.2,1008.7,39.96,509.89,2,1,1.033,108.14,170.0,15.19,short_supply,35.75
W0062,A-West,25,1125.0,36.16,7.53,28.62,75.32,2.07,1.9,826.6,712.5,69.3,193.64,2,1,0.951,108.07,97.27,25.71,balanced,26.14
W0063,C-Center,23,1411.8,19.62,10.02,9.6,37.12,1.67,2.45,772.7,575.3,73.62,111.38,4,3,0.949,103.23,83.2,11.11,excess_supply,24.29
W0064,B-South,19,1597.2,76.09,33.21,42.88,50.76,1.72,3.15,1124.5,1092.6,71.9,311.82,4,1,0.946,117.09,170.0,9.39,short_supply,27.21
W0065,C-Center,23,1191.7,74.66,34.06,40.61,48.99,1.26,2.73,816.5,747.1,58.03,272.39,2,3,0.777,91.69,170.0,8.0,short_supply,35.67
W0066,B-South,24,1404.0,11.24,2.03,9.21,81.66,1.52,3.02,914.2,839.0,92.0,91.44,5,4,1.021,124.03,54.06,45.03,excess_supply,77.96
W0067,A-East,20,1539.6,31.95,7.2,24.74,76.97,2.51,2.81,920.7,810.0,47.92,190.19,6,0,1.173,117.92,91.88,26.4,excess_supply,38.76
W0068,A-East,26,1074.5,44.42,13.58,30.84,64.34,2.41,1.64,696.9,604.6,86.33,225.16,5,2,1.268,138.07,132.74,16.58,balanced,20.77
W0069,C-Center,30,1801.6,13.07,4.36,8.7,62.22,1.4,3.97,1352.0,1264.3,70.41,108.62,6,0,0.627,90.81,77.34,24.89,balanced,28.78
W0070,B-North,21,1638.6,54.34,19.5,34.84,56.24,3.08,3.01,1128.0,1144.2,37.51,248.72,2,1,0.964,116.11,164.81,12.75,short_supply,39.77
W0071,B-South,22,1428.2,51.46,6.65,44.81,83.86,2.06,3.05,804.8,608.1,35.85,252.81,1,2,1.296,128.45,111.19,38.02,balanced,42.65
W0072,B-North,18,1537.6,46.82,19.04,27.78,56.42,1.27,1.67,1232.7,1095.9,49.17,281.76,4,4,0.989,96.8,148.15,14.8,short_supply,38.79
W0073,B-North,26,866.6,8.0,3.28,4.72,52.92,1.56,3.1,540.5,466.7,79.91,61.56,5,0,0.918,117.38,51.08,18.8,excess_supply,69.04
W0074,B-North,22,1452.1,20.56,8.72,11.84,53.99,0.94,2.9,1139.4,908.5,67.63,138.17,1,4,0.78,99.51,79.95,15.85,excess_supply,29.99
W0075,A-East,19,1662.2,44.84,2.62,42.22,93.48,1.49,2.6,1131.8,915.8,52.52,222.45,3,0,0.953,102.16,91.21,84.8,balanced,44.65
W0076,B-North,18,1465.9,29.16,3.65,25.51,85.09,1.78,1.54,1083.8,1000.2,57.53,140.65,4,1,0.906,105.37,80.39,38.57,excess_supply,31.1
W0077,B-North,25,1484.7,8.29,0.2,8.09,97.39,2.38,3.21,1088.9,996.0,51.37,74.54,2,4,1.067,101.82,49.52,372.71,excess_supply,100.0
W0078,B-South,19,1414.4,34.91,2.97,31.94,88.41,2.41,2.65,1184.0,1102.6,50.69,173.48,6,2,0.764,83.33,81.17,58.45,balanced,31.36
W0079,A-West,26,1252.0,34.61,13.13,21.48,54.49,1.64,2.04,877.7,786.2,40.36,181.95,2,3,1.196,108.22,116.69,13.86,balanced,28.11
W0080,B-South,22,1137.4,26.9,2.16,24.74,88.22,2.23,1.02,614.5,468.6,61.76,190.71,4,2,0.931,99.36,70.89,88.21,excess_supply,46.91
W0081,A-East,25,1116.4,39.42,4.4,35.02,88.46,1.19,2.55,556.9,501.0,65.97,172.48,3,2,0.562,112.99,90.2,39.22,excess_supply,34.38
W0082,A-East,23,1502.5,44.04,5.05,38.99,87.95,1.32,3.51,1243.6,1094.0,30.52,218.55,2,1,0.955,84.14,99.95,43.29,balanced,48.19
W0083,B-North,30,1480.3,36.67,19.42,17.25,37.62,1.96,3.5,1112.8,1054.0,38.81,145.2,1,2,0.849,84.27,145.78,7.48,short_supply,43.33
W0084,A-East,27,1114.2,51.04,19.06,31.98,58.11,1.2,2.38,753.2,543.8,44.51,266.28,6,1,0.962,89.05,167.36,13.97,short_supply,44.95
W0085,A-East,30,1612.0,34.0,8.8,25.2,70.4,3.36,2.16,922.7,803.5,62.73,134.51,4,3,0.991,112.86,103.8,15.28,balanced,21.34
W0086,A-East,20,1304.0,21.04,6.83,14.22,56.68,2.01,3.63,1000.6,895.0,71.31,117.13,1,0,0.818,94.36,75.94,17.16,excess_supply,30.39
W0087,A-East,26,1688.0,44.62,9.28,35.34,77.74,1.65,3.49,1352.7,1307.6,46.08,233.3,2,1,1.156,116.26,113.17,25.13,balanced,31.69
W0088,A-West,22,1226.7,23.99,5.36,18.63,72.84,1.25,3.59,873.0,708.0,56.59,138.17,7,1,1.33,130.64,80.0,25.8,excess_supply,50.13
W0089,B-North,27,1544.5,9.39,6.43,2.96,31.54,2.43,2.67,845.3,746.3,63.57,89.03,5,3,0.702,90.94,63.1,13.85,excess_supply,26.71
W0090,A-West,18,1301.7,60.2,4.37,55.83,90.87,0.37,4.02,1013.8,916.3,64.26,311.13,2,4,0.901,90.41,115.01,71.15,short_supply,36.44
W0091,A-West,26,1493.4,62.25,16.36,45.89,70.04,1.74,3.34,1192.0,1061.5,40.08,355.78,5,0,1.076,98.96,170.0,21.75,short_supply,43.11
W0092,A-West,28,1445.7,29.78,4.43,25.35,79.44,1.87,2.47,1076.7,914.9,37.89,165.46,3,4,0.774,82.69,82.92,37.35,balanced,31.4
W0093,B-South,22,1675.5,38.6,1.07,37.52,97.0,2.62,2.56,1335.3,1208.4,70.89,283.12,2,3,0.81,88.69,76.29,263.51,balanced,70.0
W0094,A-West,22,1558.3,30.76,12.12,18.64,51.59,2.21,2.93,973.1,992.1,55.9,160.56,6,2,1.031,125.47,108.46,13.25,balanced,23.37
W0095,A-West,26,1227.9,10.15,5.1,5.04,48.11,1.1,3.15,732.6,626.6,41.6,86.13,7,1,0.772,95.96,45.43,16.89,excess_supply,67.25
W0096,C-Center,28,1615.1,30.44,6.08,24.37,71.54,1.05,2.87,1333.3,1191.1,39.08,169.61,6,1,0.931,79.44,90.47,27.91,balanced,39.96
W0097,A-East,22,1395.4,52.98,7.9,45.08,82.22,2.25,2.15,1058.3,973.6,37.65,321.81,2,3,0.923,99.22,123.19,40.73,short_supply,43.24
W0098,B-North,27,1146.7,58.34,5.43,52.92,88.58,2.0,2.97,588.6,486.7,73.61,279.36,5,1,1.268,140.31,121.81,51.47,balanced,27.37
W0099,A-East,18,1267.0,34.28,8.26,26.02,72.78,2.0,1.55,944.1,793.3,45.4,172.85,2,0,1.122,99.99,98.82,20.92,balanced,20.32
W0100,C-Center,19,1297.6,25.35,7.94,17.41,57.57,2.09,2.52,969.8,750.0,18.0,118.96,5,3,1.045,93.86,74.86,14.98,excess_supply,46.92
W0101,B-South,19,1773.6,63.04,17.88,45.16,65.92,2.34,2.15,1230.4,1201.6,62.98,246.43,5,1,1.212,134.7,170.0,13.78,short_supply,23.09
W0102,B-North,18,1505.2,43.99,1.86,42.13,95.33,1.04,4.05,1051.6,959.1,76.51,220.23,1,3,0.887,104.65,89.75,118.34,balanced,43.72
W0103,C-Center,25,1193.2,97.24,28.8,68.44,64.3,1.08,2.67,689.1,525.9,44.74,373.68,6,0,0.674,84.48,170.0,12.98,short_supply,39.88
W0104,C-Center,24,1399.2,37.76,8.23,29.53,74.58,1.3,3.69,957.6,890.2,30.26,179.56,5,0,1.078,103.34,112.71,21.81,balanced,36.74
W0105,A-West,27,1601.2,36.8,4.84,31.96,80.89,1.84,2.73,1058.2,958.5,73.72,197.92,2,0,0.764,96.08,91.5,40.9,balanced,24.82
W0106,A-West,19,1638.3,47.12,14.56,32.56,63.61,1.98,2.53,1096.1,1071.6,67.06,164.47,2,3,0.801,98.46,139.97,11.3,short_supply,26.41
W0107,C-Center,22,1315.4,35.98,14.19,21.79,60.21,2.29,3.0,893.6,786.6,61.67,190.54,7,2,0.881,105.69,118.89,13.43,balanced,20.5
W0108,A-West,20,1408.0,49.36,18.08,31.28,57.14,2.12,2.66,956.0,755.8,43.51,230.55,5,0,0.9,92.21,144.19,12.75,short_supply,43.47
W0109,A-East,27,1092.9,46.47,10.63,35.84,70.66,1.66,4.07,550.9,417.5,56.25,281.66,4,2,1.039,115.68,120.74,26.49,balanced,17.54
W0110,C-Center,22,1650.5,42.97,3.7,39.27,90.01,1.55,2.63,1359.4,1260.4,32.8,248.02,3,2,1.12,92.0,98.18,67.11,balanced,49.75
W0111,B-North,22,1311.9,11.64,3.56,8.08,63.81,2.71,2.95,919.1,835.1,51.6,67.25,2,4,1.096,121.19,49.66,18.88,excess_supply,79.36
W0112,C-Center,22,1129.3,37.46,2.04,35.43,93.32,1.61,1.62,599.4,568.2,22.67,180.13,4,1,0.987,102.35,87.24,88.4,balanced,58.4
W0113,B-North,28,936.1,68.44,22.14,46.3,62.61,1.15,1.52,320.8,194.7,43.76,233.1,7,2,0.961,107.23,170.0,10.53,short_supply,44.65
W0114,B-South,20,1208.1,50.64,5.19,45.45,86.84,1.32,2.63,664.4,518.5,41.31,177.38,7,1,1.165,118.03,106.4,34.2,balanced,34.25
W0115,B-South,28,1555.1,32.03,1.92,30.11,92.91,2.6,2.26,1140.8,1008.2,33.24,133.27,2,4,1.155,111.75,88.75,69.38,excess_supply,51.11
W0116,B-South,21,1426.6,34.34,2.82,31.52,90.43,0.95,2.9,1104.3,1057.6,53.35,141.88,4,0,0.622,73.01,70.42,50.29,balanced,23.82
W0117,B-North,27,1280.2,81.69,21.1,60.58,71.48,2.84,1.42,818.9,665.7,57.77,285.84,1,4,0.887,97.65,170.0,13.54,short_supply,40.74
W0118,C-Center,18,1291.1,43.11,1.91,41.19,94.69,1.76,3.3,587.2,374.8,38.65,274.76,5,1,0.974,107.13,86.79,143.5,excess_supply,67.45
W0119,B-South,22,1523.4,10.4,2.0,8.4,76.68,0.97,2.3,1280.8,1205.4,67.14,84.39,7,0,1.011,100.01,39.72,42.24,excess_supply,88.46
W0120,A-West,23,1603.5,50.23,3.43,46.81,90.66,2.63,1.7,1161.5,993.5,50.44,263.5,3,0,0.945,84.23,109.73,76.86,short_supply,43.89
W0121,A-West,27,1461.6,48.84,29.07,19.77,36.0,1.5,2.78,1168.9,1028.1,62.61,304.5,6,3,1.166,109.99,170.0,10.48,short_supply,31.31
W0122,C-Center,30,1025.9,34.02,10.9,23.12,65.58,2.13,2.72,515.2,303.0,66.06,121.42,5,3,1.16,124.56,117.82,11.14,balanced,14.21
W0123,B-North,27,1537.7,23.88,4.69,19.19,74.54,2.28,2.73,1196.4,1121.5,58.42,124.76,7,2,1.234,119.76,86.26,26.62,excess_supply,30.31
W0124,B-South,29,1512.7,22.3,5.21,17.09,76.03,2.36,2.53,1078.3,970.2,75.97,106.57,7,0,0.89,111.8,77.08,20.44,excess_supply,42.61
W0125,B-North,22,1319.6,44.43,17.34,27.09,57.12,1.74,1.17,839.5,686.0,47.51,285.55,5,2,0.835,94.48,145.14,16.47,short_supply,35.18
W0126,A-West,23,1892.3,17.71,3.39,14.32,79.12,1.88,2.44,1496.0,1348.3,79.06,117.06,5,2,0.874,101.03,61.94,34.57,excess_supply,42.76
W0127,B-North,19,1376.6,22.78,1.42,21.36,93.77,1.73,3.19,1043.2,976.3,66.23,101.78,2,0,1.253,132.31,66.24,71.83,excess_supply,69.99
W0128,B-North,24,1866.8,23.46,8.65,14.81,58.96,1.28,2.89,1695.8,1602.7,61.13,163.59,2,2,1.322,124.26,71.56,18.91,excess_supply,44.04
W0129,A-East,21,1544.5,15.63,1.87,13.76,84.63,1.72,2.75,1129.1,981.1,47.0,121.0,7,2,0.827,94.76,60.55,64.73,excess_supply,54.5
W0130,B-North,18,1320.7,43.59,5.62,37.97,85.47,1.07,2.13,866.9,780.7,77.3,223.88,3,2,1.005,111.34,97.93,39.86,balanced,29.1
W0131,C-Center,27,1078.0,42.57,14.17,28.4,64.73,1.52,3.56,526.1,419.1,47.93,172.08,3,4,1.218,125.85,124.55,12.14,balanced,19.54
W0132,A-East,27,942.3,29.88,5.36,24.52,80.15,1.83,1.53,543.5,493.0,74.91,113.96,5,0,1.134,124.3,91.3,21.25,excess_supply,34.61
W0133,B-South,18,1357.2,35.37,15.4,19.97,52.8,2.0,1.42,714.9,620.2,76.72,161.4,5,1,0.929,132.87,118.69,10.48,balanced,17.02
W0134,A-East,28,1188.1,65.46,32.89,32.57,51.74,1.87,1.67,752.1,663.9,50.47,339.78,2,4,1.021,112.11,170.0,10.33,short_supply,29.28
W0135,C-Center,26,1856.8,48.4,13.27,35.12,68.66,1.85,3.02,1313.7,1235.1,33.02,298.46,3,0,1.044,102.6,135.82,22.48,short_supply,38.01
W0136,A-West,18,1274.2,25.13,5.13,20.0,73.32,2.11,2.48,1044.6,950.2,73.67,165.89,3,3,1.029,99.2,81.83,32.36,excess_supply,31.23
W0137,B-North,25,1433.2,13.05,4.85,8.21,58.7,1.38,2.0,1040.6,867.6,63.44,88.23,2,3,0.729,89.06,68.47,18.21,excess_supply,33.2
W0138,B-South,23,1439.6,70.09,7.48,62.61,88.29,1.49,3.27,1011.8,918.7,38.8,359.95,1,0,0.65,69.73,142.69,48.12,short_supply,60.66
W0139,A-East,21,1169.5,31.87,4.49,27.38,81.22,3.51,2.97,769.1,774.2,22.73,154.05,6,1,1.04,110.5,89.56,34.31,excess_supply,56.5
W0140,A-East,18,1748.2,84.27,31.39,52.88,60.89,2.35,3.2,1459.7,1297.0,61.82,350.22,6,0,0.85,103.14,170.0,11.16,short_supply,32.48
W0141,C-Center,22,1331.9,37.99,3.25,34.75,91.41,2.71,2.21,934.3,888.7,64.31,163.92,7,4,0.871,106.37,93.3,50.49,balanced,37.21
W0142,B-North,28,1491.3,55.22,15.69,39.53,62.95,1.81,3.3,1105.2,1028.4,38.45,288.76,5,2,1.49,124.34,150.32,18.4,balanced,35.18
W0143,A-East,20,1333.2,59.48,10.16,49.32,78.86,1.97,2.85,583.6,548.5,61.1,228.93,6,0,0.732,117.03,127.33,22.52,balanced,25.09
W0144,A-West,20,1086.6,46.03,7.14,38.89,81.28,1.4,3.39,636.5,518.1,91.43,228.03,4,3,1.183,139.51,105.88,31.92,excess_supply,37.01
W0145,B-North,28,864.5,56.79,1.84,54.95,95.43,1.9,2.06,313.6,217.1,50.85,235.55,3,4,0.994,121.29,113.2,127.73,balanced,51.87
W0146,C-Center,23,1377.9,59.96,14.48,45.48,74.79,3.16,3.24,934.0,845.8,78.65,275.07,1,3,0.932,111.39,153.46,18.99,short_supply,32.48
W0147,A-East,19,1433.6,47.98,14.32,33.65,65.04,2.19,3.68,1029.7,948.1,40.76,192.02,7,2,0.824,77.88,137.28,13.4,short_supply,49.85
W0148,A-East,21,1362.8,19.07,4.87,14.19,74.02,2.36,1.68,777.2,621.1,56.91,137.17,1,3,0.896,110.81,73.81,28.15,excess_supply,45.23
W0149,B-South,23,1393.6,8.0,2.82,5.18,62.28,2.18,2.59,1043.1,809.3,47.44,64.39,2,3,0.992,101.08,52.09,22.84,excess_supply,66.01
W0150,A-East,27,1579.6,21.21,6.24,14.97,68.86,1.5,1.85,1260.6,1101.6,75.99,138.89,1,2,1.299,126.54,84.62,22.26,excess_supply,35.71
W0151,B-South,24,1054.8,11.38,4.88,6.49,49.6,2.37,3.01,538.7,309.1,76.78,57.28,1,4,0.633,94.28,54.01,11.73,excess_supply,42.75
W0152,A-East,22,2153.0,29.44,6.91,22.54,74.31,2.23,3.97,1630.0,1458.0,75.84,211.89,5,3,1.046,124.3,92.82,30.67,excess_supply,36.42
W0153,B-South,21,1222.3,56.17,9.25,46.92,78.3,1.22,3.35,655.8,638.6,18.0,278.3,6,4,0.962,101.15,130.33,30.07,short_supply,58.1
W0154,B-North,18,1560.0,30.35,5.22,25.13,79.03,2.3,1.89,1356.9,1297.7,54.89,177.58,6,1,1.104,90.39,80.1,34.02,balanced,24.11
W0155,B-South,26,1831.9,43.26,11.89,31.36,70.15,1.55,2.99,1368.4,1292.5,27.2,258.6,5,3,0.873,94.62,125.43,21.74,short_supply,47.4
W0156,B-North,29,1706.7,27.78,12.88,14.9,51.5,1.76,4.17,1276.1,1198.8,71.24,205.51,1,1,1.008,115.54,108.11,15.96,balanced,17.16
W0157,A-West,18,1272.7,52.46,18.04,34.41,61.32,1.96,3.53,738.2,613.1,57.42,309.45,5,3,1.135,133.35,154.35,17.15,balanced,24.25
W0158,A-West,27,1770.9,73.64,24.72,48.92,62.11,1.26,1.29,1168.1,1060.1,75.07,312.53,4,4,1.113,138.44,170.0,12.64,short_supply,21.48
W0159,A-East,22,1525.8,40.32,7.24,33.08,74.97,1.44,1.87,1123.4,1061.9,75.6,222.96,1,3,1.106,117.85,100.66,30.79,balanced,32.0
W0160,A-West,20,1170.6,24.77,8.17,16.6,62.09,1.87,2.41,626.5,503.5,50.75,125.26,5,4,0.903,103.99,78.53,15.34,excess_supply,35.27
W0161,C-Center,28,1258.6,24.77,2.73,22.04,84.51,1.72,2.95,734.9,528.7,44.88,150.87,1,4,1.239,105.64,81.16,55.23,excess_supply,40.7
W0162,C-Center,19,1534.5,30.25,5.08,25.16,78.82,2.24,3.64,979.0,878.6,54.01,187.67,1,0,0.891,106.95,78.49,36.92,excess_supply,42.54
W0163,B-South,25,1467.5,112.0,49.32,62.68,54.07,1.75,3.74,1058.8,845.4,64.11,352.4,2,4,0.72,86.03,170.0,7.15,short_supply,32.98
W0164,C-Center,30,1894.2,43.09,15.8,27.29,61.62,1.61,3.98,1405.4,1270.8,61.11,203.38,5,4,0.837,90.67,144.52,12.88,short_supply,34.24
W0165,B-South,24,1362.5,44.41,5.22,39.19,85.26,1.58,3.21,719.2,562.5,74.39,200.88,6,1,1.127,128.75,113.3,38.51,balanced,26.29
W0166,A-East,21,1699.2,38.83,9.06,29.77,73.46,1.37,2.71,1296.5,1210.8,39.18,236.61,2,2,0.786,78.57,107.93,26.13,short_supply,38.71
W0167,B-South,19,1098.2,27.24,14.27,12.97,44.6,1.01,2.78,594.4,580.7,72.4,105.28,2,3,1.135,129.93,96.48,7.38,excess_supply,30.09
W0168,A-East,20,1732.6,40.57,12.29,28.28,63.57,2.6,3.11,1444.7,1268.7,64.32,229.48,7,0,0.938,97.04,125.67,18.67,short_supply,31.01
W0169,A-West,25,1172.9,65.6,20.87,44.73,60.93,1.21,1.59,626.8,552.9,72.49,308.32,1,0,0.834,108.0,170.0,14.77,short_supply,31.29
W0170,C-Center,30,836.5,9.38,1.59,7.79,80.29,1.89,2.34,307.6,231.0,79.11,60.28,4,2,0.904,112.43,58.47,37.97,excess_supply,58.34
W0171,A-East,27,1457.7,12.88,4.42,8.46,61.81,2.33,3.21,1070.9,969.6,78.57,60.2,7,1,0.981,108.86,60.89,13.62,excess_supply,44.22
W0172,B-North,26,1886.5,79.02,17.69,61.32,73.85,1.65,3.48,1507.0,1406.1,29.65,277.47,2,2,1.244,114.6,170.0,15.68,short_supply,49.73
W0173,A-East,23,1442.2,65.97,27.01,38.95,50.63,2.18,3.07,928.5,799.5,48.09,405.39,5,3,0.728,95.07,170.0,15.01,short_supply,39.96
W0174,B-South,23,1714.2,63.51,19.02,44.49,63.13,1.81,2.64,1183.5,969.9,57.53,348.55,1,1,0.994,109.23,170.0,18.33,short_supply,33.88
W0175,C-Center,22,1966.7,36.38,6.11,30.27,80.49,1.79,3.31,1761.0,1654.5,64.38,134.72,2,2,0.946,96.76,89.81,22.06,balanced,22.74
W0176,A-West,24,1405.2,49.65,21.2,28.45,52.98,1.79,2.52,921.4,769.0,71.31,197.66,3,4,1.217,123.12,165.23,9.32,short_supply,30.24
W0177,A-West,28,1462.1,57.37,20.61,36.76,59.43,2.3,2.1,943.2,836.8,53.45,404.15,6,2,0.771,97.2,170.0,19.61,short_supply,32.27
W0178,A-East,27,1237.8,72.1,12.5,59.6,81.27,0.96,2.62,632.4,493.6,47.9,278.04,5,4,0.845,100.62,165.04,22.24,short_supply,40.99
W0179,A-East,24,1172.0,45.18,10.99,34.2,70.03,1.62,2.32,618.5,484.2,33.6,233.88,1,4,1.024,93.97,119.28,21.28,short_supply,41.5
W0180,A-West,30,1687.7,28.24,5.2,23.04,76.76,1.27,1.99,1196.6,1069.4,53.61,206.89,1,4,0.894,99.26,85.94,39.81,balanced,24.26
W0181,B-South,27,1275.0,19.54,1.67,17.87,88.99,2.19,1.53,862.1,818.3,53.11,113.62,1,3,1.139,111.61,63.87,67.87,excess_supply,66.73
W0182,B-South,24,1380.6,41.9,9.19,32.71,75.28,0.72,1.14,905.7,819.9,63.44,198.11,6,1,0.798,102.17,106.3,21.55,balanced,15.18
W0183,B-North,22,1094.7,50.3,21.63,28.67,52.56,0.76,2.94,766.4,646.7,40.45,303.31,1,4,1.11,89.32,163.54,14.02,short_supply,43.71
W0184,B-North,28,1475.4,58.43,18.8,39.63,64.77,1.69,3.33,1207.8,964.4,39.61,215.78,6,1,0.884,87.67,170.0,11.48,short_supply,47.77
W0185,B-North,30,1047.7,38.21,5.92,32.29,82.45,0.95,3.89,469.2,515.0,87.77,174.12,6,1,0.631,105.56,97.69,29.41,balanced,19.31
W0186,C-Center,18,1538.7,18.93,4.47,14.47,71.94,1.47,2.18,1317.8,1282.4,60.09,117.07,7,1,0.745,70.13,62.55,26.22,balanced,18.55
W0187,A-East,25,1640.5,82.67,5.91,76.75,91.19,1.44,2.93,1047.6,1012.2,71.88,393.95,2,0,0.723,103.93,158.37,66.64,short_supply,38.63
W0188,B-North,26,1812.4,39.01,15.56,23.45,51.35,1.32,3.09,1499.1,1447.7,61.84,225.91,6,4,1.017,105.45,133.37,14.52,short_supply,25.54
W0189,A-West,19,1215.4,16.53,4.54,11.99,60.53,2.01,3.18,850.0,722.2,56.11,134.59,1,0,1.084,115.6,62.33,29.66,excess_supply,47.92
W0190,C-Center,21,1424.4,15.95,2.24,13.71,81.32,2.25,1.78,1087.7,1021.0,74.52,126.5,2,3,0.719,88.04,74.18,56.42,excess_supply,33.43
W0191,C-Center,30,1147.9,42.26,17.31,24.94,54.65,3.11,3.32,807.3,650.4,61.72,225.3,3,1,1.215,125.17,147.37,13.01,balanced,26.16
W0192,C-Center,28,1508.0,45.31,3.37,41.94,91.32,1.37,4.08,1243.0,1191.7,31.07,204.61,3,0,0.916,75.57,109.8,60.64,short_supply,62.98
W0193,B-North,25,1376.7,48.29,17.9,30.39,58.84,2.34,1.99,1050.9,882.9,51.81,176.82,2,4,0.717,87.99,151.1,9.88,short_supply,30.37
W0194,B-North,20,1895.7,44.13,14.66,29.48,63.89,1.99,1.77,1356.4,1322.8,75.97,251.26,7,4,1.193,135.66,142.45,17.14,balanced,18.5
W0195,A-West,28,1375.8,19.75,3.7,16.05,75.38,1.14,2.06,705.2,588.0,72.83,109.72,7,3,0.963,120.39,81.29,29.68,excess_supply,39.9
W0196,A-East,22,1375.0,78.68,10.7,67.98,83.31,1.56,2.65,906.2,893.8,53.84,455.57,7,3,1.266,118.89,168.49,42.56,short_supply,41.62
W0197,B-South,22,1408.8,23.86,2.87,20.99,83.67,2.19,2.92,904.1,801.8,81.44,149.03,1,1,0.521,90.12,74.98,51.85,excess_supply,38.66
W0198,B-South,18,1174.9,52.26,4.09,48.17,87.15,2.0,2.44,639.7,563.9,30.46,247.55,6,2,0.902,90.47,98.82,60.56,balanced,43.1
W0199,A-East,28,1431.0,24.36,1.26,23.1,94.8,1.8,3.59,980.3,924.1,53.12,129.36,3,4,1.186,130.13,75.55,102.86,excess_supply,70.52
W0200,B-North,18,1483.9,47.63,5.52,42.11,84.35,1.79,3.32,1172.7,966.7,38.63,239.48,6,4,0.707,73.97,96.92,43.38,short_supply,47.68
W0201,A-East,30,1458.5,44.9,12.11,32.79,66.19,1.48,2.87,1049.6,892.2,47.64,212.55,1,4,0.759,80.25,131.44,17.55,short_supply,38.42
W0202,B-North,27,1533.5,32.86,4.6,28.26,86.46,2.67,2.5,891.5,697.1,62.23,159.53,2,3,0.903,117.0,97.24,34.64,excess_supply,28.62
W0203,A-East,22,1572.0,36.26,12.07,24.18,65.58,1.41,3.81,925.8,812.1,39.43,201.93,7,3,1.011,110.65,120.91,16.73,balanced,33.77
W0204,C-Center,18,942.2,39.67,14.62,25.05,54.98,1.46,3.71,247.2,168.8,48.29,173.72,6,0,1.267,134.34,110.53,11.88,excess_supply,23.64
W0205,A-East,19,1497.5,36.77,4.47,32.3,85.24,1.99,2.86,1099.5,905.5,68.78,196.3,1,3,0.817,100.16,81.37,43.94,excess_supply,31.24
W0206,A-East,18,1280.8,85.48,8.83,76.66,88.24,2.17,2.27,906.1,731.1,66.7,300.91,6,4,1.042,102.28,170.0,34.09,short_supply,34.54
W0207,C-Center,27,1501.5,52.58,13.97,38.61,67.22,1.78,2.77,1060.1,880.3,65.27,348.61,1,3,0.826,101.58,152.12,24.95,short_supply,36.33
W0208,B-South,28,1667.1,63.81,9.75,54.07,80.68,1.29,2.23,1089.7,945.9,56.56,298.48,4,4,1.311,150.0,150.13,30.62,balanced,18.36
W0209,A-West,25,1846.3,43.11,19.38,23.73,47.46,1.03,2.23,1554.8,1450.0,54.79,284.88,1,2,1.12,101.81,140.39,14.7,short_supply,30.23
W0210,B-South,18,1702.1,53.29,10.08,43.21,77.91,1.49,3.01,1206.8,1076.8,65.82,279.11,5,4,1.142,127.98,122.5,27.68,balanced,19.17
W0211,A-East,23,1541.9,44.03,6.33,37.7,82.91,0.81,4.26,1232.5,1080.5,61.99,239.03,4,0,1.053,104.88,114.43,37.79,balanced,21.02
W0212,B-South,29,1288.3,26.77,9.57,17.2,62.8,2.52,1.39,1103.9,933.2,52.23,155.08,5,4,1.157,81.31,102.33,16.2,short_supply,29.37
W0213,C-Center,22,1600.1,37.18,1.87,35.31,92.94,2.09,2.97,1218.5,1068.9,50.05,200.74,5,4,0.975,105.25,95.35,107.38,balanced,42.17
W0214,A-East,29,1502.1,21.1,10.23,10.87,43.67,1.67,2.21,1139.5,1032.1,49.85,126.17,3,0,0.875,94.85,86.62,12.33,balanced,17.96
W0215,B-South,24,1319.5,61.21,13.64,47.57,77.26,1.67,3.43,851.9,872.3,47.77,376.49,4,4,0.889,90.77,155.83,27.6,short_supply,47.26
W0216,A-East,29,1367.9,65.18,8.12,57.06,85.18,1.14,3.16,927.6,920.7,62.53,300.41,6,2,0.66,92.07,152.4,36.99,short_supply,39.4
W0217,C-Center,20,958.1,32.97,15.42,17.55,43.39,1.84,1.71,730.6,657.2,40.92,218.14,3,3,0.987,85.65,126.77,14.14,short_supply,38.79
W0218,C-Center,18,1400.3,95.51,15.29,80.22,80.15,2.32,2.01,1090.6,942.1,69.53,462.17,2,1,0.693,82.65,170.0,30.23,short_supply,47.24
W0219,B-North,21,2057.6,45.31,16.17,29.14,62.48,2.16,3.26,1532.4,1506.3,56.76,286.71,2,0,1.211,140.22,129.53,17.73,balanced,17.21
W0220,B-South,24,1158.2,56.13,4.82,51.31,87.3,0.75,2.76,645.7,531.3,44.38,257.22,3,2,0.908,103.89,112.51,53.34,balanced,31.76
W0221,A-West,20,1191.2,43.78,5.43,38.36,85.22,2.02,2.08,872.7,765.2,54.22,198.43,6,3,0.942,99.46,93.31,36.57,balanced,21.03
W0222,A-East,29,1364.2,36.22,12.45,23.78,63.79,1.6,3.8,823.5,712.0,81.02,203.95,2,0,1.049,121.24,127.63,16.39,balanced,23.58
W0223,A-West,28,1460.8,52.3,4.71,47.6,88.62,0.94,1.22,1133.6,1021.7,45.39,241.59,6,1,1.045,92.63,122.79,51.3,short_supply,38.01
W0224,C-Center,24,1028.9,53.85,7.09,46.76,83.98,2.1,2.69,831.6,713.1,43.02,241.51,4,4,0.486,54.55,123.95,34.06,short_supply,51.44
W0225,C-Center,25,945.3,18.22,8.02,10.21,53.03,2.24,3.26,441.7,346.3,66.26,89.47,4,3,0.613,92.15,92.41,11.16,balanced,9.66
W0226,B-South,23,1252.5,52.24,17.53,34.7,61.82,1.14,3.35,1027.9,844.6,44.06,306.04,3,2,1.195,106.01,159.43,17.46,short_supply,40.35
W0227,A-West,20,1242.7,47.46,24.71,22.75,37.18,2.18,3.14,831.4,674.0,57.04,180.4,3,0,1.074,119.03,165.72,7.3,short_supply,18.53
W0228,A-East,21,1457.8,47.78,12.31,35.47,69.22,2.25,3.87,1163.3,1164.0,51.34,198.82,4,0,0.937,93.16,130.97,16.16,short_supply,34.65
W0229,C-Center,21,1451.5,34.41,12.07,22.34,68.16,2.09,3.37,864.8,775.0,74.09,210.93,4,1,1.071,129.25,106.18,17.48,excess_supply,21.4
W0230,B-North,18,1533.1,58.92,11.8,47.12,75.89,2.31,2.62,1080.1,976.0,61.31,238.09,1,4,1.258,131.25,140.43,20.18,balanced,16.41
W0231,A-East,27,1231.2,40.86,7.96,32.9,78.59,1.66,2.18,826.5,675.2,52.86,217.73,6,0,1.54,143.26,109.58,27.34,excess_supply,39.26
W0232,A-East,21,1505.6,25.12,7.25,17.86,63.93,2.25,2.52,1101.5,1095.6,56.92,134.31,1,3,0.988,101.56,80.93,18.51,excess_supply,32.21
W0233,B-South,29,1458.3,47.1,3.12,43.98,91.84,1.59,2.69,1126.0,926.2,85.38,269.44,2,2,0.741,96.73,107.46,86.35,balanced,37.06
W0234,A-East,20,1451.3,59.81,27.74,32.07,52.34,0.76,2.81,920.3,871.4,63.99,336.5,1,1,0.642,96.2,170.0,12.13,short_supply,32.65
W0235,B-South,29,1692.3,13.42,2.82,10.6,75.12,0.27,3.04,1107.7,1089.6,81.35,107.75,4,2,0.799,113.97,60.28,38.18,excess_supply,56.1
W0236,C-Center,20,1626.4,30.23,4.34,25.89,83.88,1.31,2.48,1156.7,1044.8,71.8,168.64,4,1,1.011,117.25,75.47,38.83,excess_supply,46.13
W0237,B-South,25,845.6,34.58,8.33,26.25,69.43,1.63,3.03,495.4,401.3,71.32,182.97,3,3,0.766,105.19,107.55,21.95,balanced,15.92
W0238,B-South,24,1536.4,45.64,8.98,36.66,77.89,0.6,3.24,1128.5,915.9,57.63,250.76,5,3,0.966,107.54,117.07,27.92,balanced,18.25
W0239,A-East,30,1419.6,35.72,9.26,26.46,65.81,1.52,1.17,912.3,818.5,48.35,160.77,3,3,0.894,103.6,100.41,17.36,balanced,22.83
W0240,B-South,19,1902.4,69.71,7.96,61.75,86.58,1.76,3.61,1615.1,1557.1,68.4,396.69,5,3,0.743,95.53,131.88,49.85,short_supply,41.92
W0241,C-Center,22,1841.8,35.97,3.47,32.5,86.8,1.63,3.58,1564.5,1389.1,92.0,217.83,7,0,1.318,127.49,83.85,62.84,excess_supply,52.08
W0242,A-East,18,1289.6,22.73,8.94,13.79,52.95,1.64,2.2,942.0,832.3,72.7,155.56,7,4,0.727,88.01,84.91,17.4,balanced,16.06
W0243,A-East,18,1550.5,29.44,7.47,21.97,68.76,1.58,1.68,1054.0,1021.2,64.12,180.9,2,2,1.103,125.06,81.64,24.22,excess_supply,34.86
W0244,A-West,26,1103.7,47.4,13.33,34.07,68.56,2.1,1.82,823.3,654.1,66.05,146.86,4,3,0.916,103.71,138.37,11.01,short_supply,25.36
W0245,B-North,21,1447.5,71.79,16.26,55.53,76.09,2.63,2.8,1067.7,1050.6,61.67,358.84,2,3,1.344,126.31,170.0,22.08,short_supply,31.99
W0246,A-East,23,1708.8,28.46,2.34,26.12,90.24,2.33,2.06,1514.8,1367.3,70.45,158.04,4,3,0.839,93.36,73.11,67.41,excess_supply,40.8
W0247,B-South,19,1265.4,55.11,9.91,45.19,80.65,1.9,3.95,988.8,946.6,73.52,308.23,4,4,0.91,100.97,133.26,31.09,short_supply,26.08
W0248,A-West,19,1479.0,18.08,3.93,14.15,74.12,1.12,3.52,1027.1,910.1,61.52,127.95,6,4,0.983,109.58,62.83,32.54,excess_supply,51.24
W0249,B-South,30,1735.3,29.46,15.3,14.15,42.5,1.56,2.23,1120.7,973.4,41.72,177.06,4,3,1.139,118.05,108.64,11.57,balanced,20.58
W0250,A-East,30,1869.4,12.99,3.41,9.58,70.08,1.59,2.32,1446.3,1225.3,81.08,93.96,1,3,0.979,112.41,63.59,27.53,excess_supply,50.6
W0251,A-West,25,1606.9,36.45,7.65,28.8,78.25,1.94,2.72,1270.7,1132.7,31.6,220.85,3,1,1.069,104.9,100.92,28.88,balanced,35.61
W0252,B-South,30,1579.8,32.59,21.07,11.52,27.97,1.9,4.58,1067.9,961.0,58.24,142.18,5,4,0.902,96.69,142.95,6.75,short_supply,18.63
W0253,B-South,30,1338.8,21.43,4.02,17.41,79.07,1.44,2.73,840.1,736.6,67.4,145.43,6,0,1.41,135.22,86.33,36.17,excess_supply,47.82
W0254,B-North,27,1017.1,25.52,4.62,20.91,79.43,2.46,2.26,413.0,335.9,67.3,171.77,6,3,1.24,139.3,93.59,37.21,excess_supply,39.8
W0255,B-North,25,1603.7,19.86,1.5,18.36,91.26,1.67,4.23,987.4,905.2,62.17,129.19,7,4,0.934,112.96,68.83,86.22,excess_supply,57.16
W0256,A-East,26,1636.7,18.98,7.92,11.05,54.64,2.39,2.19,1378.8,1310.9,51.17,104.99,3,0,1.044,104.86,87.06,13.25,excess_supply,21.1
W0257,A-East,24,1271.7,32.92,8.61,24.31,69.14,1.63,1.9,936.2,860.7,52.78,103.12,3,1,1.101,102.55,95.01,11.97,balanced,22.33
W0258,B-South,26,1649.8,18.38,5.39,12.99,67.2,0.92,2.66,1258.3,1060.7,38.17,133.21,2,1,1.056,104.75,65.78,24.72,excess_supply,56.5
W0259,A-East,27,1080.7,18.29,3.39,14.9,77.08,1.54,3.29,507.9,322.2,38.38,103.15,4,4,1.004,106.37,75.79,30.38,excess_supply,51.21
W0260,A-West,28,1227.9,38.69,2.3,36.39,90.03,1.53,2.38,870.4,720.1,49.78,258.29,2,1,1.063,101.53,92.55,112.47,balanced,49.96
W0261,A-East,22,1695.6,47.73,26.29,21.44,35.13,2.49,3.01,1496.5,1439.2,42.71,346.21,3,2,1.347,98.37,166.56,13.17,short_supply,37.12
W0262,C-Center,28,1531.1,19.53,4.68,14.85,72.93,1.21,2.12,1068.1,991.4,83.07,136.61,2,3,1.154,131.9,72.7,29.2,excess_supply,58.38
W0263,B-South,30,1165.3,31.86,11.88,19.98,57.55,1.67,1.94,689.4,597.8,47.21,122.14,2,2,1.073,111.41,107.68,10.28,balanced,22.26
W0264,B-North,27,1855.5,30.11,9.75,20.36,70.12,2.95,0.4,1414.6,1311.2,57.09,227.9,3,0,0.917,99.76,106.39,23.38,balanced,15.24
W0265,B-North,22,1454.0,50.98,8.45,42.53,83.09,2.33,1.65,1156.9,980.8,39.44,192.57,3,2,0.685,66.27,125.52,22.78,short_supply,50.67
W0266,A-East,25,1925.9,39.14,6.73,32.41,78.09,1.75,2.08,1633.1,1332.9,65.19,150.61,7,0,1.448,131.99,103.43,22.37,excess_supply,25.65
W0267,C-Center,22,1672.9,17.91,1.6,16.31,87.43,2.11,3.85,1425.5,1281.3,36.63,130.49,5,4,0.871,75.46,58.84,81.36,excess_supply,50.9
W0268,A-West,23,1324.8,19.12,6.7,12.42,60.18,2.12,1.99,605.4,507.7,50.47,109.8,3,2,1.158,133.91,67.9,16.38,excess_supply,59.83
W0269,C-Center,29,1306.5,38.04,13.8,24.25,56.78,1.84,3.48,997.3,918.8,40.18,149.74,4,1,0.835,75.08,119.05,10.85,short_supply,38.6
W0270,A-East,21,1686.7,53.69,17.12,36.57,59.26,1.7,3.31,1436.0,1354.5,41.66,316.21,5,4,0.977,92.27,145.34,18.47,short_supply,37.84
W0271,B-South,23,1365.4,42.61,5.86,36.76,84.73,2.0,2.94,728.9,611.4,63.65,224.95,1,1,0.993,121.31,102.95,38.42,balanced,32.95
W0272,B-North,30,1784.1,33.87,13.58,20.29,57.27,1.61,1.97,1295.9,1253.6,57.29,149.65,1,3,1.198,109.07,121.9,11.02,balanced,14.73
W0273,A-West,26,1399.1,67.89,25.19,42.7,55.63,2.45,1.39,934.1,887.1,46.17,212.99,4,0,0.931,92.07,170.0,8.46,short_supply,45.45
W0274,B-North,19,1531.1,24.34,2.44,21.9,87.35,0.93,2.39,1099.1,1063.1,51.31,107.11,1,1,1.492,130.67,72.28,43.96,excess_supply,60.94
W0275,A-West,22,1336.9,32.39,4.71,27.67,82.21,2.28,3.13,769.7,549.8,73.8,203.48,5,4,1.323,144.03,83.89,43.17,excess_supply,58.47
W0276,A-East,18,1911.1,9.31,2.1,7.21,77.87,2.05,1.94,1659.6,1433.3,65.81,97.16,6,4,1.234,121.17,44.15,46.27,excess_supply,93.92
W0277,B-South,24,1508.6,41.82,5.81,36.01,82.48,1.22,2.99,1083.5,977.1,75.04,211.1,3,4,1.195,120.99,114.77,36.34,balanced,26.95
W0278,B-South,19,1807.1,33.22,14.39,18.83,54.06,1.62,2.5,1617.0,1473.6,58.34,200.06,4,0,0.758,86.04,111.19,13.9,short_supply,29.23
W0279,A-East,28,1803.6,35.97,7.04,28.92,68.98,1.62,1.0,1442.6,1373.8,56.35,182.94,6,1,1.079,96.35,98.38,25.97,balanced,21.25
W0280,A-West,23,928.1,28.09,1.96,26.14,90.61,2.8,3.42,601.5,485.8,55.03,152.33,1,3,1.025,110.66,71.32,77.86,excess_supply,49.27
W0281,A-East,20,1449.6,22.89,2.67,20.22,87.6,1.61,3.92,1059.4,923.5,63.66,143.03,5,4,0.891,85.72,76.99,53.54,balanced,30.96
W0282,B-South,25,1709.5,41.44,14.04,27.4,65.45,2.16,2.25,1146.8,955.7,44.66,229.68,3,0,0.834,109.41,125.12,16.36,balanced,24.29
W0283,A-West,29,1537.9,53.04,21.28,31.75,58.93,1.79,2.35,1210.4,1034.2,57.66,261.49,6,4,0.884,95.06,170.0,12.29,short_supply,39.12
W0284,B-South,25,1217.9,30.74,3.41,27.33,87.54,1.8,2.14,770.1,678.1,25.26,152.76,6,1,0.581,71.75,80.07,44.81,balanced,47.29
W0285,A-East,25,1700.4,53.07,15.14,37.93,68.5,1.77,3.22,1212.1,1048.2,92.0,300.5,4,1,1.416,145.31,143.54,19.85,balanced,17.85
W0286,A-East,25,1707.4,32.26,13.2,19.05,49.44,1.8,2.24,1344.0,1268.5,75.67,190.73,7,4,1.009,119.19,105.26,14.45,balanced,16.96
W0287,A-East,26,1607.0,45.53,22.83,22.71,44.0,1.7,1.9,1282.5,1259.0,43.33,245.97,2,0,1.051,94.4,160.32,10.78,short_supply,40.86
W0288,B-North,25,1753.7,60.38,20.41,39.97,61.7,1.8,2.14,1495.1,1296.1,76.36,326.55,5,2,0.746,83.13,170.0,16.0,short_supply,40.07
W0289,A-West,30,1264.9,30.25,4.41,25.84,83.16,2.46,2.31,753.3,641.2,45.96,156.58,5,1,1.234,117.13,91.56,35.48,excess_supply,42.7
W0290,B-South,24,1455.1,8.52,2.0,6.52,76.71,1.67,3.27,1062.8,978.6,66.69,78.67,2,4,1.005,117.13,43.59,39.33,excess_supply,87.53
W0291,A-West,23,1243.1,17.2,1.44,15.76,90.0,1.94,3.21,890.0,721.2,79.42,115.57,1,0,0.9,104.24,64.7,80.19,excess_supply,62.09
W0292,A-East,21,1905.3,41.88,15.14,26.74,49.69,0.79,2.12,1767.6,1725.7,49.91,252.39,6,1,1.066,85.14,129.16,16.67,short_supply,26.82
W0293,B-North,24,1373.4,35.19,5.67,29.53,80.82,2.19,2.94,945.1,830.4,39.18,193.81,4,3,1.294,106.62,100.76,34.2,balanced,40.01
W0294,C-Center,21,1575.2,37.99,16.74,21.26,55.05,1.5,2.69,1301.3,1176.0,26.87,154.49,3,4,0.743,65.1,137.03,9.23,short_supply,54.15
W0295,A-West,29,1345.2,70.05,26.35,43.71,54.91,2.16,3.17,970.4,867.3,83.0,433.69,7,3,1.241,134.67,170.0,16.46,short_supply,26.11
W0296,B-North,24,1164.3,97.8,7.73,90.07,91.69,2.54,2.76,740.4,584.7,49.06,301.51,3,0,1.007,99.73,170.0,38.99,short_supply,45.83
W0297,A-East,20,1351.6,62.0,15.91,46.1,71.28,1.86,2.53,763.6,700.5,26.14,192.56,3,3,1.012,100.79,160.17,12.11,short_supply,51.1
W0298,B-North,21,1381.6,52.62,17.93,34.69,54.74,2.46,3.35,1017.7,935.7,88.13,239.09,3,2,1.012,117.5,154.6,13.34,short_supply,24.93
W0299,C-Center,28,1375.7,25.01,5.0,20.01,80.13,0.94,2.29,887.4,809.1,45.31,151.3,4,3,1.195,121.47,91.89,30.26,excess_supply,38.46
W0300,A-West,21,1609.2,26.84,2.43,24.41,89.82,2.16,3.75,1269.6,1124.2,50.24,156.01,7,1,1.012,104.99,67.83,64.15,excess_supply,49.84
W0301,B-South,18,1253.5,15.44,6.57,8.88,53.71,2.61,3.31,914.9,771.4,68.85,85.11,6,3,1.316,121.9,65.15,12.96,excess_supply,51.25
W0302,A-West,21,1210.4,72.62,16.8,55.82,71.75,1.93,3.6,709.8,641.7,68.81,267.45,7,4,0.489,94.72,170.0,15.92,short_supply,39.01
W0303,B-South,20,1973.7,48.07,10.68,37.39,73.39,1.24,1.09,1635.0,1450.1,47.07,208.97,2,2,1.027,106.9,127.5,19.57,balanced,28.05
W0304,A-East,25,1989.3,36.94,12.31,24.63,60.33,1.65,3.62,1570.4,1383.5,59.37,218.43,1,2,0.99,102.61,119.72,17.74,balanced,26.86
W0305,B-South,22,1410.5,110.16,10.59,99.57,86.69,1.51,2.82,948.3,866.3,70.68,495.02,6,0,1.116,112.21,170.0,46.74,short_supply,39.08
W0306,A-West,19,1549.4,25.16,8.98,16.18,62.03,0.31,2.52,947.2,785.9,64.42,128.88,3,0,1.213,130.02,81.33,14.35,excess_supply,46.3
W0307,A-East,20,1607.5,24.43,1.88,22.55,90.35,2.71,1.9,1336.3,1128.7,48.54,164.26,6,4,1.371,110.05,68.6,87.2,excess_supply,65.14
W0308,B-North,24,1802.6,51.78,18.72,33.05,57.01,1.93,2.31,995.2,957.8,72.35,178.7,3,2,0.613,117.6,151.09,9.54,short_supply,22.07
W0309,A-West,29,1706.4,26.63,2.3,24.32,88.28,2.32,2.82,1275.3,1240.8,55.44,185.86,5,0,0.91,98.05,71.03,80.74,excess_supply,44.69
W0310,B-North,20,1148.8,36.57,9.14,27.43,69.37,0.71,2.3,832.2,755.9,67.39,144.77,3,2,1.315,124.23,102.49,15.84,excess_supply,21.39
W0311,A-West,30,1012.9,34.79,12.49,22.3,55.02,0.78,1.69,485.3,405.4,43.58,199.36,5,2,1.065,110.67,113.67,15.97,balanced,29.0
W0312,B-North,21,1319.9,21.95,2.99,18.96,83.85,1.25,3.74,991.9,945.8,58.22,123.81,5,2,0.889,93.57,72.6,41.4,excess_supply,32.96
W0313,A-West,19,1460.4,21.68,4.16,17.52,78.73,0.97,3.67,1255.3,1135.0,57.4,151.41,7,3,0.895,85.19,69.42,36.4,excess_supply,36.05
W0314,A-West,19,1315.3,129.36,32.29,97.07,72.39,1.94,2.12,819.3,723.0,68.63,430.05,6,2,1.178,124.48,170.0,13.32,short_supply,34.28
W0315,A-West,23,1704.2,21.2,6.94,14.26,62.23,1.51,3.2,1348.5,1147.1,58.83,122.72,4,2,1.205,101.43,77.7,17.68,excess_supply,24.03
W0316,A-East,26,1572.0,30.99,8.57,22.42,66.75,2.98,2.48,1110.3,1045.7,56.26,205.18,3,2,1.248,130.56,93.41,23.95,excess_supply,31.32
W0317,B-South,22,1202.9,10.57,2.83,7.74,70.33,1.16,3.64,752.2,631.7,69.04,83.31,4,3,0.817,106.11,50.99,29.45,excess_supply,69.16
W0318,A-West,21,1253.7,39.18,20.18,18.99,43.32,1.1,2.24,1005.4,895.1,50.21,199.1,7,3,1.308,125.54,141.33,9.86,balanced,23.34
W0319,B-South,29,1601.0,83.46,9.39,74.07,86.98,2.21,2.46,1440.1,1293.9,36.95,435.77,1,4,0.928,91.22,170.0,46.41,short_supply,51.9
W0320,B-South,19,1614.6,25.21,6.12,19.09,70.64,2.42,1.14,1036.7,986.6,73.87,146.45,2,2,0.694,105.26,73.71,23.92,excess_supply,35.78
W0321,A-East,28,1321.9,111.71,37.29,74.42,52.53,1.9,3.05,894.4,666.2,69.12,509.89,3,3,0.947,121.78,170.0,13.67,short_supply,26.37
W0322,A-East,23,1414.1,45.1,13.66,31.44,67.55,1.69,3.5,861.7,722.8,68.47,233.62,5,3,0.95,118.56,141.65,17.1,balanced,26.51
W0323,A-West,21,1729.4,60.55,10.64,49.9,76.5,1.54,1.73,1435.8,1368.7,83.06,412.4,4,0,0.812,90.46,129.99,38.75,short_supply,39.3
W0324,C-Center,23,1789.7,40.1,5.77,34.33,83.39,2.1,2.54,1357.0,1280.4,58.36,162.64,7,0,1.244,127.63,97.08,28.2,excess_supply,34.09
W0325,B-North,22,1366.6,47.22,2.43,44.79,93.57,1.49,3.0,727.2,683.9,45.65,248.83,2,2,1.134,121.26,93.5,102.53,excess_supply,55.1
W0326,B-South,27,2027.7,25.64,3.58,22.06,85.32,1.48,1.94,1573.7,1505.4,69.51,180.06,1,3,0.913,106.92,68.58,50.35,excess_supply,53.69
W0327,A-East,27,1233.3,57.34,13.67,43.67,72.74,2.16,2.51,832.6,757.9,55.05,284.35,4,1,1.095,118.6,149.52,20.81,short_supply,26.78
W0328,A-West,30,1271.2,68.0,22.76,45.25,59.5,1.55,2.33,1004.0,890.6,59.6,313.88,1,4,1.312,130.9,170.0,13.79,short_supply,30.37
W0329,A-West,24,1103.7,78.43,15.68,62.76,75.15,1.37,3.91,532.6,426.8,81.77,351.55,1,4,0.674,107.56,170.0,22.43,short_supply,28.95
W0330,A-East,29,1098.5,25.92,4.63,21.29,82.65,2.37,3.12,680.7,617.2,52.84,144.48,7,0,1.128,125.13,80.74,31.23,excess_supply,43.38
W0331,A-West,19,1557.1,41.99,11.74,30.25,66.99,2.25,4.07,964.8,829.9,67.56,176.48,3,0,0.982,127.45,112.39,15.03,balanced,20.18
W0332,B-South,26,1407.8,16.99,0.33,16.66,97.91,2.55,2.88,1074.2,866.4,86.16,141.43,7,1,1.238,131.69,57.22,428.59,excess_supply,100.0
W0333,B-South,25,1521.2,29.46,6.3,23.16,78.03,2.58,3.7,1191.0,1155.1,60.36,190.23,4,4,1.323,132.46,96.9,30.19,excess_supply,33.18
W0334,A-West,21,1257.4,58.27,17.54,40.73,65.2,2.47,2.59,797.7,754.5,65.62,297.49,1,0,0.929,122.03,168.61,16.96,short_supply,28.34
W0335,A-West,28,1804.4,40.92,25.01,15.91,31.8,1.94,2.07,1406.0,1302.6,56.78,169.81,5,2,0.56,77.39,170.0,6.79,short_supply,36.1
W0336,B-North,24,1364.7,35.32,15.45,19.88,51.85,1.24,1.89,994.0,739.3,54.67,199.27,3,0,0.604,70.46,120.26,12.9,short_supply,34.45
W0337,B-South,28,1484.2,8.12,0.89,7.23,87.62,2.38,3.57,1160.2,1142.8,66.82,82.87,4,2,0.966,99.26,59.69,93.35,excess_supply,61.21
W0338,B-North,25,1020.9,26.75,9.92,16.83,57.05,2.49,1.99,434.0,267.6,77.19,110.18,4,1,0.916,104.85,94.76,11.11,balanced,24.74
W0339,C-Center,22,1067.4,85.82,37.28,48.53,39.44,1.61,2.26,553.1,509.5,75.7,397.18,6,4,1.243,130.5,170.0,10.65,short_supply,21.86
W0340,B-South,25,1264.2,43.33,10.57,32.76,72.69,1.78,2.63,734.9,592.1,65.43,167.29,7,4,1.002,120.2,116.96,15.83,balanced,19.25
W0341,C-Center,22,1192.2,29.6,3.14,26.46,86.27,2.29,3.22,672.0,520.8,77.2,178.44,2,1,1.293,136.81,75.48,56.78,excess_supply,55.66
W0342,A-West,25,1592.0,26.44,2.51,23.93,90.35,1.86,3.47,1281.9,1227.0,76.56,125.82,7,2,0.916,104.23,77.05,50.05,excess_supply,43.38
W0343,C-Center,27,1636.4,39.67,13.2,26.46,59.24,0.78,3.29,1268.3,1124.8,68.96,179.94,3,2,0.741,92.63,125.07,13.63,short_supply,31.56
W0344,A-East,22,1083.8,17.03,3.55,13.48,73.57,2.34,2.44,766.9,581.3,47.69,129.16,3,4,1.15,106.25,58.9,36.4,excess_supply,61.97
W0345,A-West,26,1342.3,21.66,3.13,18.54,84.67,1.98,2.2,1124.1,979.1,65.42,164.72,7,0,0.765,88.88,67.84,52.71,excess_supply,36.04
W0346,A-East,28,1807.8,58.19,3.33,54.86,93.78,1.91,2.33,1379.5,1255.3,49.26,243.34,5,2,1.336,119.36,118.36,73.09,balanced,37.7
W0347,A-West,23,907.7,29.53,5.51,24.02,79.85,1.79,1.97,513.3,279.1,47.29,113.49,6,4,1.6,138.87,86.72,20.59,excess_supply,47.53
W0348,B-South,19,821.6,33.84,16.36,17.48,45.7,1.5,2.03,333.3,180.6,77.62,178.73,3,2,0.799,106.95,120.92,10.92,balanced,13.08
W0349,B-South,28,1295.8,49.75,19.85,29.9,58.14,1.73,1.06,882.2,818.3,92.0,213.47,7,2,1.228,133.85,158.07,10.75,balanced,24.4
W0350,B-South,28,1510.3,38.82,1.46,37.36,95.7,1.31,2.62,867.4,703.2,37.82,156.37,6,0,0.967,102.91,84.7,106.77,excess_supply,63.29
W0351,A-West,21,1155.8,19.17,2.75,16.42,85.95,1.3,3.75,622.7,504.8,67.17,94.5,3,3,1.115,134.85,72.41,34.36,excess_supply,63.66
W0352,B-South,21,1319.7,36.89,13.38,23.52,57.67,2.36,2.88,940.4,896.5,92.0,179.35,2,1,1.148,129.31,126.73,13.41,balanced,21.24
W0353,B-North,20,1130.3,49.68,5.74,43.93,88.06,1.26,2.85,720.8,678.3,51.46,303.88,3,0,1.019,96.61,113.46,52.92,balanced,32.38
W0354,A-West,25,1208.9,28.35,6.29,22.06,71.38,1.35,1.29,1036.2,963.6,65.68,81.87,2,1,1.036,102.06,85.05,13.01,excess_supply,26.25
W0355,B-North,26,1462.4,33.31,7.03,26.28,72.01,1.49,3.29,974.9,911.2,39.01,230.19,5,3,1.368,136.09,100.56,32.74,excess_supply,40.68
W0356,B-North,22,1830.5,40.31,2.64,37.66,91.64,1.62,2.49,1428.4,1300.4,91.1,191.91,4,1,1.069,118.82,75.6,72.56,excess_supply,54.36
W0357,A-East,30,1897.4,20.95,4.04,16.91,78.58,1.64,3.11,1480.9,1419.5,62.11,144.27,7,1,0.643,92.08,75.75,35.7,excess_supply,35.41
W0358,B-South,26,1182.4,20.82,4.46,16.36,75.25,0.55,3.38,974.5,846.7,39.26,104.88,2,4,1.429,111.99,79.71,23.51,excess_supply,41.59
W0359,A-East,26,1570.3,19.02,6.25,12.77,64.29,2.5,2.46,1148.2,1079.7,74.96,109.94,7,1,0.702,96.65,76.85,17.59,excess_supply,29.89
W0360,A-East,21,2055.7,36.04,4.35,31.69,85.87,2.24,2.4,1628.3,1591.1,83.81,218.36,6,3,0.962,114.81,92.49,50.19,excess_supply,30.41
W0361,A-West,30,1742.9,62.24,21.79,40.45,55.87,1.4,2.57,1224.6,1140.5,83.35,284.32,2,1,1.227,140.87,170.0,13.05,balanced,27.25
W0362,A-West,19,1115.6,48.1,21.9,26.2,47.11,1.43,3.48,665.0,619.7,57.17,248.16,5,0,1.206,121.68,160.13,11.33,short_supply,28.57
W0363,B-South,19,1300.6,37.7,5.7,32.0,80.18,1.32,2.49,742.7,575.0,75.43,161.31,2,4,0.993,124.1,94.85,28.32,excess_supply,35.77
W0364,A-East,24,1645.5,48.61,10.75,37.86,74.98,1.68,1.95,1117.4,940.9,81.33,250.64,4,0,0.806,104.98,133.14,23.31,short_supply,32.38
W0365,A-East,28,860.5,56.03,3.33,52.7,93.37,1.24,0.83,404.0,264.0,81.83,299.71,6,3,1.056,121.16,119.89,89.98,balanced,36.74
W0366,B-South,19,1309.4,50.28,14.85,35.42,65.76,2.07,3.63,1016.5,909.4,38.84,289.04,7,3,1.013,88.04,127.95,19.46,short_supply,43.75
W0367,A-West,23,1691.0,78.22,19.48,58.74,70.41,1.17,2.58,1134.1,1089.9,80.35,405.16,2,2,0.913,104.72,170.0,20.8,short_supply,28.8
W0368,A-East,25,1541.0,14.77,4.47,10.3,65.09,1.2,1.81,1133.3,1097.0,54.57,91.28,2,0,1.317,138.5,65.06,20.42,excess_supply,64.44
W0369,B-North,19,1157.4,65.91,6.56,59.36,89.55,1.79,3.74,662.3,596.2,57.73,368.5,7,1,0.715,108.3,131.32,56.19,balanced,36.88
W0370,B-South,27,1616.1,64.11,16.61,47.5,70.14,1.65,2.55,1049.9,852.4,89.89,350.25,3,2,1.267,150.0,170.0,21.09,balanced,17.57
W0371,A-East,30,1800.3,30.66,7.56,23.1,68.37,1.81,1.02,1413.1,1322.3,46.28,169.86,1,1,0.792,93.35,99.24,22.47,balanced,20.9
W0372,B-North,22,1360.0,49.45,3.37,46.08,91.76,1.07,2.4,982.5,907.4,42.85,218.65,1,3,1.045,96.21,104.29,64.9,balanced,43.25
W0373,C-Center,28,1507.2,24.64,8.47,16.17,64.78,1.93,1.84,1128.4,1039.8,63.17,176.23,1,4,0.836,93.17,100.77,20.8,balanced,22.33
W0374,B-South,24,1724.3,45.73,8.66,37.08,81.19,1.43,3.68,1445.5,1245.3,39.69,259.13,7,4,1.349,116.44,127.77,29.94,balanced,37.73
W0375,B-North,22,1085.3,32.11,8.61,23.5,68.77,1.94,3.34,690.9,604.4,48.81,152.53,2,2,0.46,71.64,93.95,17.72,short_supply,26.68
W0376,C-Center,23,1135.7,26.18,4.84,21.34,78.16,1.84,3.74,734.9,581.7,64.86,94.39,1,2,1.022,112.94,91.41,19.52,excess_supply,23.96
W0377,C-Center,29,1563.8,25.27,11.08,14.2,48.36,2.39,2.96,1060.6,1085.8,73.96,173.91,2,4,1.018,125.99,107.04,15.7,balanced,21.14
W0378,C-Center,20,701.3,53.63,4.91,48.72,89.89,0.96,2.73,207.2,120.0,51.93,306.97,4,3,0.853,107.97,103.31,62.48,balanced,34.76
W0379,C-Center,27,1550.5,16.47,4.07,12.4,67.95,1.24,2.58,1146.0,1007.5,36.08,104.86,1,1,1.24,107.3,65.2,25.77,excess_supply,58.01
W0380,B-North,27,1710.9,24.15,7.89,16.26,66.28,1.95,2.57,1111.5,1022.2,69.56,112.01,6,1,0.921,113.43,84.38,14.2,excess_supply,31.39
W0381,A-West,24,1485.4,65.69,22.34,43.35,59.28,2.53,1.99,1257.0,1087.0,61.75,271.22,4,0,1.09,97.82,170.0,12.14,short_supply,31.0
W0382,B-South,20,1474.5,108.9,20.97,87.93,79.87,1.73,1.22,1083.4,908.8,85.95,507.22,6,3,0.914,110.1,170.0,24.19,short_supply,31.82
W0383,B-South,30,1233.0,32.9,7.3,25.6,75.24,2.5,3.4,792.9,753.4,79.32,177.0,5,0,0.795,105.49,106.13,24.25,balanced,21.45
W0384,A-East,19,1389.9,39.81,7.42,32.39,77.87,1.7,2.48,933.5,808.2,62.32,238.8,1,4,1.059,110.71,108.49,32.2,balanced,16.46
W0385,B-North,23,1431.5,52.18,7.12,45.06,85.08,1.45,2.55,1076.5,925.9,83.38,298.5,2,4,0.649,99.95,122.32,41.94,short_supply,33.83
W0386,C-Center,23,1034.6,24.53,5.3,19.23,75.42,2.53,2.83,737.1,527.2,92.0,154.53,7,2,0.7,99.62,81.7,29.15,excess_supply,28.82
W0387,B-North,24,838.1,21.1,5.43,15.67,64.65,1.81,1.89,487.2,459.2,69.8,93.65,5,0,0.904,117.02,75.32,17.24,excess_supply,39.89
W0388,A-West,22,1696.1,67.01,27.66,39.35,49.55,1.99,1.77,1122.2,1006.7,56.31,321.89,6,4,0.639,82.84,170.0,11.64,short_supply,35.45
W0389,C-Center,20,1101.8,25.74,10.12,15.61,47.11,2.41,2.48,491.5,335.0,62.71,128.96,4,4,1.254,126.71,93.45,12.74,excess_supply,23.43
W0390,A-East,22,1376.1,17.36,1.85,15.51,87.18,1.03,3.21,869.4,823.1,90.46,144.1,7,0,1.145,128.33,54.58,77.78,excess_supply,89.74
W0391,B-South,24,1149.7,42.54,8.71,33.83,74.41,2.04,1.91,778.9,789.8,72.85,266.04,2,3,1.244,117.1,116.42,30.53,balanced,19.92
W0392,A-East,25,1581.7,27.81,6.69,21.13,71.0,2.08,2.87,1180.5,1049.8,86.33,103.91,4,2,1.168,136.21,86.92,15.54,excess_supply,36.6
W0393,B-North,26,1594.9,27.67,7.71,19.96,65.04,2.46,3.62,1198.3,1061.5,36.98,96.68,5,4,1.031,103.87,103.17,12.54,balanced,24.61
W0394,A-West,23,1398.9,49.54,17.44,32.1,62.58,1.58,1.99,1138.5,1065.1,59.7,193.8,7,0,1.034,100.84,146.32,11.11,short_supply,34.32
W0395,C-Center,18,1274.3,39.08,8.11,30.97,75.27,2.26,2.64,827.6,720.2,75.39,215.57,2,3,1.094,124.04,92.33,26.57,excess_supply,38.54
W0396,A-East,30,1175.8,33.54,7.78,25.76,71.19,2.31,3.28,705.0,572.0,49.55,158.27,1,3,0.827,92.13,91.97,20.33,balanced,21.7
W0397,A-East,29,1287.9,38.48,4.71,33.77,87.86,1.83,3.28,789.1,637.2,38.34,200.22,5,4,1.031,105.99,95.4,42.47,balanced,35.57
W0398,A-West,30,1364.4,96.16,13.24,82.92,83.39,1.56,2.27,848.6,808.9,61.27,489.77,3,4,1.008,109.58,170.0,36.99,short_supply,37.38
W0399,C-Center,18,1827.8,26.87,4.75,22.12,80.47,0.83,1.65,1447.7,1268.1,85.76,130.06,4,2,0.898,118.04,72.55,27.38,excess_supply,49.03
W0400,B-South,30,1363.2,46.48,4.22,42.26,90.99,3.15,2.4,999.3,839.0,27.67,189.16,3,4,1.409,110.91,101.24,44.88,balanced,53.39
W0401,B-North,19,1374.2,39.83,10.51,29.33,69.58,1.57,3.43,561.8,340.9,61.63,201.74,5,0,0.517,91.86,112.87,19.2,short_supply,22.84
W0402,B-South,30,1544.4,36.98,9.24,27.74,74.15,1.61,1.01,1156.6,1058.8,57.91,146.85,2,3,0.598,83.57,114.18,15.9,short_supply,29.61
W0403,B-South,30,1338.2,120.02,6.47,113.55,93.32,1.73,2.81,799.9,787.8,64.04,545.98,1,4,0.963,111.93,170.0,84.37,short_supply,42.12
W0404,C-Center,22,925.4,31.34,8.45,22.89,66.25,1.81,2.42,670.4,512.9,54.38,127.91,4,2,0.923,91.51,97.97,15.14,balanced,22.63
W0405,C-Center,21,1816.0,33.81,12.05,21.77,60.21,1.79,3.45,1478.9,1316.3,66.08,214.17,1,0,0.944,108.38,113.79,17.78,balanced,22.84
W0406,A-East,26,1361.6,24.82,5.82,19.01,67.0,1.47,2.75,1110.9,1119.5,42.08,136.25,4,1,0.949,83.56,77.01,23.42,balanced,29.68
W0407,C-Center,25,1596.5,49.25,17.43,31.82,54.21,1.87,3.4,1115.7,972.9,76.17,262.07,5,0,1.06,110.03,154.88,15.04,short_supply,26.92
W0408,C-Center,27,1288.1,27.84,5.33,22.51,79.72,1.61,2.66,835.4,684.1,75.3,146.59,1,4,1.077,112.95,98.64,27.49,balanced,21.18
W0409,A-East,22,1212.8,39.24,7.58,31.66,78.22,1.79,1.69,950.2,796.2,65.9,176.3,1,4,0.663,82.42,109.91,23.25,short_supply,29.58
W0410,B-North,28,1531.8,14.75,2.94,11.81,78.13,1.08,2.17,1258.4,1166.2,53.41,106.35,7,1,0.871,93.34,69.38,36.2,excess_supply,41.98
W0411,C-Center,30,1837.7,26.45,8.99,17.46,62.68,1.29,1.26,1688.0,1602.6,56.82,126.26,1,0,1.244,103.34,100.14,14.04,balanced,15.13
W0412,B-North,19,1363.7,8.68,1.0,7.68,85.95,1.52,2.18,956.5,730.7,54.34,70.43,7,4,0.851,87.48,42.03,70.43,excess_supply,77.32
W0413,A-East,28,1864.1,58.11,19.46,38.65,64.23,2.28,1.56,1472.4,1348.8,48.07,307.53,2,3,1.059,109.97,166.67,15.8,short_supply,35.7
W0414,B-South,26,1463.9,13.91,2.84,11.07,77.26,2.18,3.87,1184.5,1093.4,47.88,85.93,2,3,1.297,116.83,45.99,30.25,excess_supply,87.31
W0415,A-East,29,1095.4,38.32,17.31,21.01,44.86,1.0,4.3,683.7,569.9,60.83,192.08,2,4,0.826,93.9,144.88,11.1,short_supply,25.35
W0416,A-West,26,1382.2,52.81,4.69,48.12,89.53,1.25,2.49,1207.8,1049.1,38.54,240.79,6,1,0.967,79.89,112.36,51.36,short_supply,44.81
W0417,A-West,23,1464.0,30.23,12.91,17.32,53.21,1.43,2.98,1075.0,978.6,65.51,124.94,7,4,1.175,114.66,124.0,9.68,balanced,12.74
W0418,A-East,21,998.9,50.47,21.34,29.12,47.52,1.53,3.95,606.1,445.4,54.37,286.82,7,3,1.383,122.31,156.69,13.44,short_supply,18.21
W0419,A-West,28,922.6,46.85,9.12,37.72,77.69,1.67,3.89,551.0,399.9,48.84,207.8,1,4,0.849,85.99,121.15,22.78,short_supply,40.48
W0420,B-North,28,1658.2,21.93,2.64,19.28,84.11,1.09,4.48,1578.6,1436.6,70.44,112.14,6,3,0.758,69.84,77.64,42.45,balanced,30.29
W0421,A-East,27,1416.0,25.44,9.88,15.56,50.87,2.34,3.16,984.9,909.5,72.81,163.86,3,3,1.417,137.01,101.24,16.58,excess_supply,24.0
W0422,B-South,20,1351.7,23.8,3.77,20.03,81.25,2.98,3.36,916.7,879.9,49.34,134.09,4,4,1.086,107.26,68.07,35.55,excess_supply,54.96
W0423,C-Center,22,1473.4,55.15,11.8,43.35,75.22,0.2,2.85,1096.2,978.4,24.59,259.63,6,1,1.13,93.03,137.47,22.01,short_supply,53.41
W0424,B-North,27,1702.0,42.03,1.83,40.21,95.09,2.06,1.92,1427.5,1239.7,55.92,207.78,5,4,0.67,66.05,99.29,113.72,short_supply,52.43
W0425,B-South,29,1628.5,21.08,8.97,12.11,53.93,2.43,2.67,1179.6,1012.8,54.17,123.22,3,1,0.898,111.63,84.77,13.73,excess_supply,28.59
W0426,A-East,20,1099.6,40.47,11.36,29.11,67.5,1.43,3.07,846.1,614.3,51.31,253.58,4,4,0.723,74.9,116.58,22.31,short_supply,29.75
W0427,B-South,28,1060.5,16.77,2.52,14.25,81.5,1.36,3.44,449.7,362.4,59.56,90.31,1,3,0.74,103.47,56.35,35.84,excess_supply,54.53
W0428,B-South,30,1485.6,41.43,5.95,35.48,83.96,1.9,2.07,959.7,805.3,50.36,210.92,2,4,0.74,81.51,108.23,35.44,short_supply,30.9
W0429,A-West,23,1585.3,50.43,4.98,45.44,87.12,0.92,2.95,1097.3,1005.6,62.26,260.31,1,4,0.58,78.25,112.65,52.22,short_supply,43.69
W0430,A-East,27,1481.3,26.9,3.95,22.95,83.84,1.98,2.68,1062.9,955.5,57.25,135.33,1,3,1.218,130.51,75.57,34.24,excess_supply,57.58
W0431,A-East,24,2020.3,71.75,37.74,34.01,42.56,1.64,4.06,1615.4,1456.7,55.06,383.98,2,2,1.094,107.88,170.0,10.18,short_supply,28.01
W0432,B-South,25,2287.1,19.01,5.43,13.58,66.34,1.48,2.42,2090.9,1935.2,59.55,151.95,3,4,0.982,114.94,62.64,28.0,excess_supply,52.84
W0433,B-South,27,1127.6,20.68,5.89,14.79,68.94,2.27,2.81,670.3,512.3,52.18,115.37,2,3,1.007,117.58,80.82,19.59,excess_supply,35.98
W0434,C-Center,23,650.0,29.68,10.38,19.3,64.5,2.05,3.49,322.3,120.0,69.37,127.3,2,3,0.978,97.84,106.99,12.26,balanced,15.2
W0435,A-East,28,1973.5,63.51,8.09,55.42,82.39,2.28,2.99,1588.6,1451.1,27.52,314.76,6,2,1.115,98.86,124.65,38.9,short_supply,45.55
W0436,A-West,21,1473.6,48.44,14.57,33.87,66.49,1.8,2.17,1049.4,910.9,58.58,264.9,5,0,0.876,102.69,135.63,18.18,short_supply,27.17
W0437,B-North,18,1241.9,21.45,8.02,13.43,59.65,0.91,3.39,1015.3,978.8,67.38,145.97,7,2,1.035,104.55,69.16,18.21,excess_supply,37.23
W0438,A-East,21,1509.4,43.48,6.75,36.72,82.11,0.82,1.61,968.7,750.2,70.02,260.07,5,1,0.848,114.18,106.85,38.5,balanced,22.88
W0439,B-South,18,1228.8,9.7,2.9,6.81,66.44,2.23,2.0,850.4,747.1,55.26,77.64,6,1,1.061,98.53,56.46,26.79,excess_supply,51.36
W0440,B-South,22,1294.4,43.51,13.19,30.31,62.92,2.6,3.81,1006.8,839.5,72.97,211.82,2,3,1.187,126.26,123.02,16.05,balanced,14.93
W0441,B-South,19,1003.9,47.16,25.8,21.37,48.26,2.07,3.21,709.4,493.6,54.47,247.67,4,4,0.711,86.78,170.0,9.6,short_supply,37.12
W0442,B-South,22,1527.9,75.99,3.78,72.21,93.14,2.72,3.79,1362.2,1238.8,87.52,320.04,1,3,1.132,109.44,143.71,84.74,short_supply,45.32
W0443,B-South,20,1661.4,15.69,3.03,12.66,78.66,2.64,4.77,1387.7,1269.0,79.67,127.82,5,2,1.238,125.48,61.07,42.14,excess_supply,61.83
W0444,C-Center,19,1299.9,48.29,9.97,38.32,77.8,1.96,2.84,703.0,630.9,58.59,206.63,5,3,0.892,110.44,125.82,20.72,balanced,24.14
W0445,B-South,25,1353.1,42.33,3.86,38.47,90.72,1.69,2.55,1153.3,1007.1,61.13,210.79,2,3,0.809,78.76,96.1,54.67,short_supply,29.53
W0446,B-South,25,1259.6,26.59,2.98,23.61,86.44,1.89,3.77,766.1,645.6,57.9,144.95,3,4,0.761,103.25,76.53,48.6,excess_supply,34.75
W0447,C-Center,28,681.7,56.65,8.03,48.62,83.26,2.39,1.71,281.7,127.4,92.0,294.31,6,2,0.683,110.92,137.76,36.65,short_supply,28.05
W0448,B-North,30,1395.7,8.15,0.42,7.74,93.79,0.79,2.3,1048.4,861.3,48.93,66.09,7,2,0.988,97.17,53.98,158.76,excess_supply,81.61
W0449,A-East,22,1395.5,13.66,1.18,12.48,91.09,2.25,2.64,786.5,686.2,41.7,87.85,5,0,1.287,131.6,59.89,74.48,excess_supply,90.18
W0450,C-Center,24,1541.6,58.37,9.07,49.3,83.37,1.44,2.98,1183.3,1122.8,62.35,319.66,1,2,0.765,94.94,142.38,35.24,short_supply,41.13
W0451,A-East,29,1624.7,8.67,0.84,7.83,87.87,1.67,2.1,1086.6,1005.9,65.41,75.03,6,0,1.275,129.72,57.31,89.11,excess_supply,80.7
W0452,B-South,28,1757.5,34.66,4.41,30.25,84.5,2.53,3.41,1305.1,1168.2,83.53,260.06,5,3,0.962,115.84,97.42,58.99,excess_supply,29.56
W0453,C-Center,18,1060.5,34.01,11.82,22.19,52.28,2.11,2.53,515.4,338.6,92.0,161.38,2,3,0.744,103.76,103.0,13.65,balanced,9.72
W0454,C-Center,29,1456.2,71.89,20.67,51.22,67.02,2.09,2.32,1196.3,1092.7,55.73,361.72,6,4,0.569,84.49,170.0,17.5,short_supply,38.19
W0455,B-North,20,1394.1,26.93,0.61,26.32,96.53,1.1,1.87,1199.3,1128.1,45.88,132.44,6,4,0.833,81.96,69.97,216.52,balanced,65.72
W0456,A-East,23,1420.9,34.55,6.59,27.96,72.78,1.65,2.8,1299.7,1244.0,56.85,228.1,4,0,0.693,81.83,99.15,34.62,balanced,27.46
W0457,B-South,25,1597.1,24.26,12.46,11.8,32.14,1.58,2.61,1237.2,1195.2,50.97,118.21,7,1,1.001,114.75,108.74,9.49,balanced,18.43
W0458,B-South,20,1067.6,29.41,3.86,25.55,84.9,1.36,3.68,472.3,322.7,22.14,133.08,1,4,1.65,144.56,88.64,34.45,excess_supply,66.77
W0459,A-West,29,1527.8,61.91,11.58,50.33,75.99,1.56,2.17,1202.0,1059.3,54.06,311.89,2,1,1.281,116.05,150.46,26.94,short_supply,34.57
W0460,B-South,21,1490.0,40.85,9.51,31.34,76.69,2.2,3.46,1106.1,974.1,91.81,185.2,6,3,1.179,127.52,110.38,19.48,balanced,25.32
W0461,A-East,21,1604.6,52.66,5.56,47.1,85.36,1.81,1.52,1134.6,969.9,56.88,176.55,6,3,1.211,110.79,116.02,31.74,balanced,23.76
W0462,A-East,25,1339.3,53.41,9.45,43.96,78.33,1.79,3.03,934.7,848.1,47.0,240.83,5,3,0.894,104.46,126.99,25.47,balanced,37.53
W0463,B-South,26,1007.8,33.82,10.49,23.33,66.3,2.99,1.49,832.2,802.8,52.31,179.06,4,0,0.941,83.54,105.6,17.07,short_supply,32.59
W0464,B-South,23,1014.3,27.87,12.02,15.86,54.75,2.1,2.35,272.3,178.0,53.46,142.35,6,1,1.088,133.31,98.85,11.85,excess_supply,25.57
W0465,A-West,27,1664.9,26.08,5.34,20.75,78.0,2.19,2.43,1323.6,1155.3,18.0,164.73,1,2,0.826,74.13,82.81,30.87,balanced,53.19
W0466,B-North,22,1479.1,55.99,8.74,47.25,80.42,2.15,3.12,1014.1,894.1,76.15,282.87,6,2,1.399,134.67,119.53,32.38,balanced,23.91
W0467,A-West,19,1092.9,34.25,17.18,17.08,32.1,0.94,2.96,671.8,539.5,56.01,148.87,1,1,1.005,106.97,125.72,8.67,balanced,17.04
W0468,B-South,24,1554.9,72.29,9.54,62.75,84.29,2.32,1.58,1075.4,970.9,76.57,348.93,4,3,0.957,116.45,152.84,36.58,short_supply,27.54
W0469,B-South,23,1774.9,43.11,3.52,39.59,90.74,2.48,3.03,1427.7,1300.8,73.77,248.33,5,0,1.109,119.9,95.57,70.57,excess_supply,40.52
W0470,A-East,29,1776.4,36.31,5.48,30.83,77.66,1.56,2.45,1258.3,1169.8,56.46,172.1,6,3,0.855,104.68,96.01,31.39,balanced,29.21
W0471,B-South,24,1801.2,40.02,5.59,34.42,85.14,1.69,2.06,1347.0,1346.5,44.13,189.24,5,2,0.97,105.56,96.53,33.83,balanced,31.24
W0472,B-South,29,1486.4,49.74,19.67,30.06,47.39,2.18,2.6,1104.5,1067.1,35.98,248.11,1,2,1.181,112.68,151.6,12.61,short_supply,37.63
W0473,B-South,27,1889.4,67.85,17.29,50.55,72.16,1.44,2.83,1369.0,1310.6,62.38,298.72,6,3,0.896,102.26,170.0,17.27,short_supply,34.73
W0474,A-East,20,1710.9,35.26,8.13,27.14,74.25,2.51,1.29,1203.0,1055.5,44.35,224.24,4,4,1.08,112.59,94.12,27.59,excess_supply,32.31
W0475,A-East,18,1556.6,63.87,23.94,39.93,54.07,0.95,3.08,1083.2,987.4,47.17,308.7,1,2,0.521,79.08,170.0,12.9,short_supply,42.68
W0476,A-West,29,1505.4,43.19,11.68,31.51,69.61,2.84,3.55,849.2,730.2,56.43,202.48,7,2,0.413,81.89,127.45,17.33,short_supply,30.04
W0477,B-North,28,1634.7,40.6,5.76,34.84,84.76,2.33,2.82,1299.6,1148.7,45.56,187.37,4,4,1.098,108.25,100.92,32.54,balanced,34.06
W0478,A-West,22,1600.2,42.73,10.09,32.64,72.28,1.95,1.71,1277.5,1230.2,46.15,165.74,4,2,1.084,107.93,125.57,16.42,balanced,32.61
W0479,B-North,25,1338.2,52.98,14.15,38.83,67.8,2.43,3.8,839.9,816.1,39.16,329.83,3,1,0.685,81.82,145.15,23.31,short_supply,44.11
W0480,C-Center,21,1440.7,30.45,12.96,17.5,53.56,2.2,2.48,1097.8,1000.2,63.6,185.06,6,2,1.444,128.38,105.35,14.28,excess_supply,21.32
W0481,B-South,30,1437.8,38.63,9.49,29.14,73.63,2.31,2.98,1038.3,854.6,51.95,302.96,3,3,1.036,108.55,111.43,31.93,balanced,18.01
W0482,A-West,24,1640.1,39.16,6.19,32.97,82.29,2.34,1.75,1287.5,1204.7,47.37,152.06,7,0,1.576,136.62,104.79,24.58,excess_supply,35.62
W0483,A-East,27,1535.0,63.09,19.02,44.07,52.73,1.33,2.47,1229.6,1046.9,68.41,286.55,6,2,1.068,108.3,168.94,15.07,short_supply,32.07
W0484,A-West,21,1368.7,85.54,20.97,64.57,73.56,1.34,2.51,842.1,700.0,53.71,344.64,7,4,1.143,117.66,170.0,16.43,short_supply,27.07
W0485,B-North,30,1536.2,53.41,8.62,44.79,78.81,2.95,1.58,1133.4,992.9,60.78,171.57,1,4,1.355,126.09,131.13,19.9,balanced,23.3
W0486,A-West,30,1331.8,45.68,2.01,43.67,94.96,1.68,2.58,1081.3,990.7,73.69,237.16,5,0,1.075,95.67,102.11,117.99,balanced,46.77
W0487,A-East,25,1390.0,69.39,1.21,68.18,98.0,2.1,2.53,1128.9,978.1,21.03,365.85,1,4,0.855,66.97,120.51,301.19,short_supply,100.0
W0488,B-North,27,1905.4,47.12,15.31,31.8,55.74,2.22,2.0,1509.2,1430.1,48.49,245.22,1,0,1.32,140.41,139.72,16.01,balanced,24.79
W0489,A-West,29,940.9,45.24,6.57,38.67,83.29,1.48,2.37,711.1,616.5,39.8,162.53,5,3,1.039,81.53,119.12,24.73,short_supply,41.63
W0490,A-West,22,1364.4,35.61,9.44,26.17,75.42,1.91,2.91,907.5,824.9,65.21,173.89,5,3,1.153,122.13,111.36,18.41,balanced,25.14
W0491,A-West,29,1446.3,29.23,5.03,24.2,78.34,2.14,2.85,927.3,808.7,45.88,158.46,1,1,1.22,110.91,89.92,31.52,excess_supply,36.75
W0492,B-South,18,1307.5,23.63,7.78,15.84,54.06,1.79,0.92,1201.7,1080.9,86.98,111.44,6,0,0.456,68.45,81.27,14.32,balanced,21.35
W0493,A-West,26,1356.8,29.14,12.43,16.71,46.57,3.13,2.35,762.2,669.1,56.38,140.09,2,1,0.972,112.73,104.64,11.27,balanced,11.63
W0494,A-West,21,1160.0,53.22,10.63,42.59,76.47,1.41,2.09,452.3,315.3,54.02,286.51,6,0,0.687,99.29,122.21,26.95,short_supply,32.96
W0495,A-East,18,1697.6,60.79,11.57,49.22,78.3,1.37,3.91,1259.7,1270.5,47.16,309.92,7,1,0.879,88.78,142.94,26.79,short_supply,38.6
W0496,B-South,30,1726.9,43.47,14.44,29.04,63.42,2.23,3.11,1216.3,1130.4,60.14,140.18,5,3,1.029,116.86,131.73,9.71,balanced,21.15
W0497,B-North,24,1211.0,60.07,10.65,49.42,81.95,2.07,3.44,731.2,623.7,61.47,362.41,7,2,0.705,92.95,133.68,34.04,short_supply,39.46
W0498,B-North,18,1297.9,15.25,3.56,11.69,73.05,1.02,3.27,871.1,761.7,45.08,74.98,6,3,0.547,74.94,53.43,21.04,excess_supply,37.0
W0499,B-North,27,1256.3,38.36,2.85,35.51,92.37,1.33,3.45,993.3,895.0,58.69,143.07,6,1,0.928,93.57,83.05,50.18,balanced,36.77
W0500,A-East,23,1296.3,68.35,8.11,60.24,85.38,1.7,3.82,905.0,778.0,60.36,283.13,3,4,1.034,103.46,136.58,34.92,short_supply,37.63
